season,manager,team,finish,draft_pick,consolation_winner,wins,losses,ties,took_over_from,note,badge
2025-26,Josh,Silver Surfer,1,11,,14,4,0,,,
2025-26,Jason,Taco's Team,2,12,,14,4,0,,,
2025-26,Michael,Big Big Chungus Big Chungus,3,7,,10,8,0,,,
2025-26,John,Bubble Suns,4,8,,13,5,0,,,
2025-26,Stefan,🅱️IG FACE COFFEE,5,2,,11,7,0,,,
2025-26,Tom,WORLD TOMINATION,6,5,,9,9,0,,,
2025-26,Matt,The Reverso,7,1,yes,5,13,0,,,
2025-26,Alan,Kd's burner account,8,10,,7,11,0,,,
2025-26,Liam,Tacko Tuuuuuesday,9,4,,9,9,0,,,
2025-26,Hugh,Big Honey,10,3,,8,10,0,,,
2025-26,Chivy,Coach Carter,11,6,,4,14,0,,,
2025-26,Saxon,Zaddy Lonzo,12,9,,4,14,0,,,
2024-25,Liam,Tacko Tuuuuuesday,1,4,,13,3,2,,,
2024-25,Chivy,Coach Carter,2,7,,10,8,0,,,
2024-25,Tom,WORLD TOMINATION,3,11,,14,4,0,,,
2024-25,Jason,Taco's Team,4,1,,10,7,1,,,
2024-25,John,Bubble Suns,5,3,,12,5,1,,,
2024-25,Stefan,🅱️IG FACE COFFEE,6,6,,12,6,0,,,
2024-25,Josh,Silver Surfer,7,8,,8,10,0,,,
2024-25,Alan,Kd's burner account,8,2,,4,14,0,,,
2024-25,Saxon,Zaddy Lonzo,9,9,,7,9,2,,,
2024-25,Michael,Big Big Chungus Big Chungus,10,12,,8,10,0,,,
2024-25,Matt,The Reverso,11,5,,4,14,0,,,
2024-25,Adel,Team skiddies,12,10,,3,15,0,,,
2023-24,Chivy,Coach Carter,1,5,,13,6,0,,,
2023-24,Josh,Silver Surfer,2,6,,15,4,0,,,
2023-24,Tom,WORLD TOMINATION,3,3,,11,8,0,,,
2023-24,Liam,Tacko Tuuuuuesday,4,1,,13,5,1,,,
2023-24,John,Bubble Suns,5,12,,9,9,1,,,
2023-24,Michael,Big Big Chungus Big Chungus,6,4,,10,8,1,,,
2023-24,Stefan,🅱️IG FACE COFFEE,7,9,,8,11,0,,,
2023-24,Saxon,Zaddy Lonzo,8,8,,8,11,0,,,
2023-24,Mitchell,Team Limbs,9,7,,7,12,0,,,
2023-24,Alan,Kd's burner account,10,11,,5,14,0,,,
2023-24,Jason,Taco's Team,11,10,,7,11,1,,,
2023-24,Matt,The Reverso,12,2,,6,13,0,,,
2022-23,Josh,Silver Surfer,1,3,,16,4,0,,,
2022-23,Liam,Tacko Tuuuuuesday,2,4,,14,6,0,,,
2022-23,Saxon,Zaddy Lonzo,3,7,,13,7,0,,,
2022-23,Tom,WORLD TOMINATION,4,2,,13,7,0,,,
2022-23,Michael,Big Big Chungus Big Chungus,5,5,,14,6,0,,,
2022-23,John,Bubble Suns,6,11,,14,6,0,,,
2022-23,Chivy,Coach Carter,7,8,,11,8,1,,,
2022-23,Matt,The Reverso,8,6,,9,9,2,,,
2022-23,Mitchell,Better Call Gasol.,9,12,,6,14,0,,,
2022-23,Stefan,BOL BOLS BIG 🅱️ICK,10,10,,6,12,2,,,
2022-23,Jerry,TERMINATOR,11,9,,0,20,0,,,
2022-23,Jack,Flint Tropics,12,1,,1,18,1,,,
2021-22,Michael,Big Big Chungus Big Chungus,1,1,,13,6,1,,,
2021-22,Josh,Silver Surfer,2,5,,15,4,1,,,
2021-22,Tom,WORLD TOMINATION,3,4,,12,7,1,,,
2021-22,Liam,Tacko Tuuuuuesday,4,8,,12,8,0,,,
2021-22,John,Bubble Suns,5,6,,13,6,1,,,
2021-22,Stefan,BOL BOLS BIG 🅱️ICK,6,2,,13,7,0,,,
2021-22,Matt,The Reverso,7,7,,9,10,1,,,
2021-22,Chivy,Team Skeeeeup Bayless,8,11,,11,9,0,,,
2021-22,Max,Ntlinika’s Nightmare,9,10,,6,14,0,,,
2021-22,Mitchell,Better Call Gasol.,10,12,,5,14,1,,,
2021-22,Jack,Flint Tropics,11,9,,4,15,1,,,
2021-22,Justin,KATmandu,12,3,,3,16,1,,,
2020-21,Mitchell,Better Call Gasol.,1,9,,11,5,0,,,
2020-21,John,Look at Curry Man,2,7,,12,3,1,,,
2020-21,Josh,Silver Surfer,3,11,,13,3,0,,,
2020-21,Stefan,BOL BOLS BIG 🅱️ICK,4,1,,12,4,0,,,
2020-21,Michael,Poo Anthony Towns,5,4,,12,4,0,,,
2020-21,Max,Ntlinika’s Nightmare,6,3,,10,6,0,,,
2020-21,Matt,The Reverso,7,10,,7,9,0,,,
2020-21,Liam,Tacko Tuuuuuesday,8,2,,8,8,0,,,
2020-21,Justin,KATmandu,9,12,,2,13,1,,,
2020-21,Liam (Bangers and Nash),Bangers and Nash,10,6,,2,14,0,,,
2020-21,Jack,Flint Tropics,11,5,,3,13,0,,,
2020-21,Jarrek,Midnight Shooters,12,8,,3,13,0,,,
2019-20,Liam,Tacko Tuuuuuesday,1,1,,14,5,0,,"COVID year, no playoffs were played",
2019-20,John,Livin’ La Vida Luka,2,7,,13,5,1,,,
2019-20,Stefan,BOL BOLS BIG 🅱️ICK,3,8,,12,5,2,,,
2019-20,Matt,The Reverso,4,6,,13,6,0,,,
2019-20,Josh,Silver Surfer,5,3,,12,6,1,,,
2019-20,Mitchell,Better Call Gasol.,6,9,,11,8,0,,,
2019-20,Michael,The 🅱️RE🅰️THERS,7,4,,9,10,0,,,
2019-20,Justin,KATmandu,8,10,,7,10,2,,,
2019-20,Adel,Adels team,9,11,,6,13,0,,,
2019-20,Max,Ntlinika’s Nightmare,10,2,,6,13,0,,,
2019-20,Jarrek,Midnight Shooters,11,5,,5,14,0,,,
2019-20,Jack,Flint Tropics,12,12,,3,16,0,,,
2018-19,Josh,Silver Surfer,1,7,,17,2,1,,,
2018-19,Michael,HoneyModeAssBlasters,2,6,,16,4,0,,,
2018-19,John,My Two Dads,3,9,,11,8,1,,,
2018-19,Stefan,50 shades of Klay,4,4,,11,8,1,,,
2018-19,Mitchell,Kobe Passed!!!!!!!!!,5,1,,13,7,0,,,
2018-19,Liam,808s and Fastbreaks,6,8,,13,5,2,,,
2018-19,Matt,The Glassinator,7,2,,2,18,0,,,
2018-19,Josh E,The Sun Bear's,8,5,,7,11,2,,,
2018-19,Unknown (Doncic's Mum),Doncic's Mum,9,10,,1,18,1,,,
2018-19,Adrian,Adrian's Team,10,3,,5,15,0,,,
2017-18,Josh,Silver Surfer,1,9,,14,6,0,,Plumber era,
2017-18,Stefan,50 shades of Klay,2,8,,18,2,0,,,
2017-18,Adrian,Adrian's Team,3,4,,10,10,0,,,
2017-18,John,Booker's Bitches,4,5,,15,4,1,,,
2017-18,Josh E,The Sun Bear's,5,3,,11,9,0,,,
2017-18,Carlos,Hypebitch,6,6,,9,11,0,,,
2017-18,Liam,808s and Fastbreaks,7,2,,7,12,1,,,
2017-18,Michael,Spungetti&Meatballs,8,7,,3,17,0,,,
2017-18,Matt,Totally Legit Goods,9,1,,8,12,0,,,
2017-18,Mitchell,Kobe Passed!!!!!!!!!,10,10,,4,16,0,,,
2016-17,Josh,Silver Surfer,1,1,,,,,,Plumber era,
2016-17,Unknown (Queen Liz Did 9/11),Queen Liz Did 9/11,2,4,,,,,,,
2016-17,John,Booker's Bitches,3,8,,,,,,,
2016-17,Josh E,The Sun Bear's,4,5,,,,,,,
2016-17,Michael,Bongoloids,5,7,,,,,,,
2016-17,Liam,808s and Fastbreaks,6,6,,,,,,,
2016-17,Mitchell,FlintMichiganTropics,7,2,,,,,,,
2016-17,Matt,Totally Legit Goods,8,3,,,,,,,
