season,date,status,manager1,team1,manager1_gets,manager2,team2,manager2_gets
2018-19,"Oct 23, 11:58 pm",accepted,Matt,The Glassinator,Carmelo Anthony,Michael,HoneyModeAssBlasters,Nikola Mirotić
2018-19,"Oct 24, 4:43 pm",accepted,Michael,HoneyModeAssBlasters,Lonzo Ball + Clint Capela,Liam,808s and Fastbreaks,Jaylen Brown + Chris Paul
2018-19,"Oct 24, 4:56 pm",accepted,Liam,808s and Fastbreaks,Lonzo Ball + Clint Capela,Michael,HoneyModeAssBlasters,Jaylen Brown + Chris Paul
2018-19,"Nov 2, 6:13 am",accepted,Matt,The Glassinator,Devin Booker,Michael,HoneyModeAssBlasters,Ben Simmons
2018-19,"Nov 2, 6:34 am",accepted,John,My Two Dads,Devin Booker + Bismack Biyombo,Matt,The Glassinator,Jaren Jackson Jr. + Myles Turner
2018-19,"Nov 7, 5:50 am",accepted,Michael,HoneyModeAssBlasters,Draymond Green,Matt,The Glassinator,Jayson Tatum
2018-19,"Nov 7, 9:37 pm",accepted,Michael,HoneyModeAssBlasters,Jayson Tatum,Matt,The Glassinator,Draymond Green
2018-19,"Mar 10, 6:34 pm",accepted,Josh,Silver Surfer,Kevin Durant + Clint Capela,Liam,808s and Fastbreaks,D'Angelo Russell + Nikola Vučević
2018-19,"Mar 12, 3:11 am",accepted,Liam,808s and Fastbreaks,Kyle Lowry + Cheick Diallo,John,My Two Dads,Bojan Bogdanović + Eric Gordon
2019-20,"Oct 30, 3:06 am",accepted,Liam,Tacko Tuuuuuesday,Aaron Gordon,Max,Ntlinika’s Nightmare,Larry Nance Jr.
2019-20,"Oct 30, 5:53 pm",vetoed,Matt,The Reverso,Mikal Bridges,John,Livin’ La Vida Luka,P.J. Tucker
2019-20,"Nov 1, 3:06 am",accepted,Josh,Silver Surfer,Mikal Bridges,John,Livin’ La Vida Luka,Terrence Ross
2019-20,"Nov 3, 2:06 am",accepted,Michael,The 🅱️RE🅰️THERS,Collin Sexton + Miles Bridges + Pascal Siakam,Max,Ntlinika’s Nightmare,Lauri Markkanen + RJ Barrett + Mike Conley
2019-20,"Nov 19, 3:06 am",accepted,John,Livin’ La Vida Luka,Bam Adebayo + Kemba Walker,Matt,The Reverso,Marvin Bagley III + Nikola Jokić
2019-20,"Feb 3, 3:06 am",accepted,John,Livin’ La Vida Luka,Marcus Morris Sr.,Stefan,BOL BOLS BIG 🅱️ICK,Joe Ingles
2020-21,"Jan 11, 3:08 am",accepted,Liam,Tacko Tuuuuuesday,Andre Drummond,John,Look at Curry Man,John Collins
2020-21,"Feb 14, 3:07 am",accepted,Liam,Tacko Tuuuuuesday,Devin Booker + James Wiseman,Josh,Silver Surfer,Larry Nance Jr. + CJ McCollum
2021-22,"Nov 8, 3:07 am",accepted,Liam,Tacko Tuuuuuesday,Evan Mobley + Tyler Herro + Devin Booker,Michael,Big Big Chungus Big Chungus,Paul George
2021-22,"Nov 18, 8:42 pm",vetoed,Matt,The Reverso,Jonas Valančiūnas + Scottie Barnes,John,Bubble Suns,Bam Adebayo + Marcus Smart
2022-23,"Nov 2, 3:06 am",accepted,Jack,Flint Tropics,RJ Barrett,Saxon,Zaddy Lonzo,Draymond Green
2022-23,"Nov 11, 3:53 am",accepted,Saxon,Zaddy Lonzo,Jamal Murray,Tom,WORLD TOMINATION,John Collins
2022-23,"Jan 6, 4:06 am",accepted,Michael,Big Big Chungus Big Chungus,Shai Gilgeous-Alexander,Chivy,Coach Carter,Kristaps Porziņģis
2022-23,"Feb 14, 3:58 am",accepted,Saxon,Zaddy Lonzo,Lauri Markkanen,John,Bubble Suns,Darius Garland
2023-24,"Jan 4, 3:57 am",accepted,Saxon,Zaddy Lonzo,Kyrie Irving,Chivy,Coach Carter,Nikola Vučević
