season,week,manager1,team1,score1,manager2,team2,score2,is_playoffs
2016-17,1,Josh,Silver Surfer,5,Unknown (Queen Liz Did 9/11),Queen Liz Did 9/11,4,
2016-17,1,John,Booker's Bitches,6,Matt,Totally Legit Goods,3,
2016-17,1,Liam,808s and Fastbreaks,4,Josh E,The Sun Bear's,4,
2016-17,1,Mitchell,FlintMichiganTropics,4,Michael,Bongoloids,5,
2016-17,2,Josh,Silver Surfer,4,John,Booker's Bitches,4,
2016-17,2,Matt,Totally Legit Goods,3,Michael,Bongoloids,6,
2016-17,2,Liam,808s and Fastbreaks,4,Unknown (Queen Liz Did 9/11),Queen Liz Did 9/11,5,
2016-17,2,Mitchell,FlintMichiganTropics,3,Josh E,The Sun Bear's,6,
2016-17,3,Josh,Silver Surfer,5,Matt,Totally Legit Goods,4,
2016-17,3,John,Booker's Bitches,6,Liam,808s and Fastbreaks,3,
2016-17,3,Mitchell,FlintMichiganTropics,7,Unknown (Queen Liz Did 9/11),Queen Liz Did 9/11,2,
2016-17,3,Josh E,The Sun Bear's,7,Michael,Bongoloids,2,
2016-17,4,Josh,Silver Surfer,6,Michael,Bongoloids,3,
2016-17,4,John,Booker's Bitches,3,Mitchell,FlintMichiganTropics,6,
2016-17,4,Matt,Totally Legit Goods,2,Liam,808s and Fastbreaks,7,
2016-17,4,Josh E,The Sun Bear's,4,Unknown (Queen Liz Did 9/11),Queen Liz Did 9/11,5,
2016-17,5,Josh,Silver Surfer,5,Liam,808s and Fastbreaks,4,
2016-17,5,John,Booker's Bitches,6,Josh E,The Sun Bear's,3,
2016-17,5,Matt,Totally Legit Goods,5,Mitchell,FlintMichiganTropics,4,
2016-17,5,Unknown (Queen Liz Did 9/11),Queen Liz Did 9/11,4,Michael,Bongoloids,5,
2016-17,6,Josh,Silver Surfer,5,Mitchell,FlintMichiganTropics,3,
2016-17,6,John,Booker's Bitches,6,Unknown (Queen Liz Did 9/11),Queen Liz Did 9/11,3,
2016-17,6,Matt,Totally Legit Goods,1,Josh E,The Sun Bear's,8,
2016-17,6,Liam,808s and Fastbreaks,6,Michael,Bongoloids,3,
2016-17,7,Josh,Silver Surfer,6,Josh E,The Sun Bear's,3,
2016-17,7,John,Booker's Bitches,5,Michael,Bongoloids,4,
2016-17,7,Matt,Totally Legit Goods,3,Unknown (Queen Liz Did 9/11),Queen Liz Did 9/11,6,
2016-17,7,Liam,808s and Fastbreaks,4,Mitchell,FlintMichiganTropics,5,
2016-17,8,Josh,Silver Surfer,4,Unknown (Queen Liz Did 9/11),Queen Liz Did 9/11,4,
2016-17,8,John,Booker's Bitches,5,Matt,Totally Legit Goods,4,
2016-17,8,Liam,808s and Fastbreaks,4,Josh E,The Sun Bear's,5,
2016-17,8,Mitchell,FlintMichiganTropics,2,Michael,Bongoloids,6,
2016-17,9,Josh,Silver Surfer,7,John,Booker's Bitches,2,
2016-17,9,Matt,Totally Legit Goods,2,Michael,Bongoloids,7,
2016-17,9,Liam,808s and Fastbreaks,1,Unknown (Queen Liz Did 9/11),Queen Liz Did 9/11,8,
2016-17,9,Mitchell,FlintMichiganTropics,4,Josh E,The Sun Bear's,5,
2016-17,10,Josh,Silver Surfer,7,Matt,Totally Legit Goods,2,
2016-17,10,John,Booker's Bitches,4,Liam,808s and Fastbreaks,5,
2016-17,10,Mitchell,FlintMichiganTropics,2,Unknown (Queen Liz Did 9/11),Queen Liz Did 9/11,7,
2016-17,10,Josh E,The Sun Bear's,4,Michael,Bongoloids,4,
2016-17,11,Josh,Silver Surfer,6,Michael,Bongoloids,3,
2016-17,11,John,Booker's Bitches,4,Mitchell,FlintMichiganTropics,5,
2016-17,11,Matt,Totally Legit Goods,3,Liam,808s and Fastbreaks,6,
2016-17,11,Josh E,The Sun Bear's,2,Unknown (Queen Liz Did 9/11),Queen Liz Did 9/11,7,
2016-17,12,Josh,Silver Surfer,5,Liam,808s and Fastbreaks,4,
2016-17,12,John,Booker's Bitches,2,Josh E,The Sun Bear's,7,
2016-17,12,Matt,Totally Legit Goods,3,Mitchell,FlintMichiganTropics,6,
2016-17,12,Unknown (Queen Liz Did 9/11),Queen Liz Did 9/11,6,Michael,Bongoloids,3,
2016-17,13,Josh,Silver Surfer,6,Mitchell,FlintMichiganTropics,3,
2016-17,13,John,Booker's Bitches,3,Unknown (Queen Liz Did 9/11),Queen Liz Did 9/11,6,
2016-17,13,Matt,Totally Legit Goods,6,Josh E,The Sun Bear's,3,
2016-17,13,Liam,808s and Fastbreaks,4,Michael,Bongoloids,4,
2016-17,14,Josh,Silver Surfer,4,Josh E,The Sun Bear's,5,
2016-17,14,John,Booker's Bitches,5,Michael,Bongoloids,4,
2016-17,14,Matt,Totally Legit Goods,1,Unknown (Queen Liz Did 9/11),Queen Liz Did 9/11,8,
2016-17,14,Liam,808s and Fastbreaks,6,Mitchell,FlintMichiganTropics,3,
2016-17,15,Josh,Silver Surfer,2,Unknown (Queen Liz Did 9/11),Queen Liz Did 9/11,7,
2016-17,15,John,Booker's Bitches,6,Matt,Totally Legit Goods,2,
2016-17,15,Liam,808s and Fastbreaks,4,Josh E,The Sun Bear's,5,
2016-17,15,Mitchell,FlintMichiganTropics,4,Michael,Bongoloids,5,
2016-17,16,Josh,Silver Surfer,5,John,Booker's Bitches,4,
2016-17,16,Matt,Totally Legit Goods,4,Michael,Bongoloids,5,
2016-17,16,Liam,808s and Fastbreaks,1,Unknown (Queen Liz Did 9/11),Queen Liz Did 9/11,8,
2016-17,16,Mitchell,FlintMichiganTropics,4,Josh E,The Sun Bear's,5,
2016-17,17,Josh,Silver Surfer,5,Matt,Totally Legit Goods,4,
2016-17,17,John,Booker's Bitches,6,Liam,808s and Fastbreaks,3,
2016-17,17,Mitchell,FlintMichiganTropics,2,Unknown (Queen Liz Did 9/11),Queen Liz Did 9/11,7,
2016-17,17,Josh E,The Sun Bear's,3,Michael,Bongoloids,6,
2016-17,18,Josh,Silver Surfer,6,Michael,Bongoloids,3,
2016-17,18,John,Booker's Bitches,7,Mitchell,FlintMichiganTropics,2,
2016-17,18,Matt,Totally Legit Goods,3,Liam,808s and Fastbreaks,6,
2016-17,18,Josh E,The Sun Bear's,3,Unknown (Queen Liz Did 9/11),Queen Liz Did 9/11,6,
2016-17,19,Josh,Silver Surfer,5,Liam,808s and Fastbreaks,4,
2016-17,19,John,Booker's Bitches,7,Josh E,The Sun Bear's,2,
2016-17,19,Matt,Totally Legit Goods,5,Mitchell,FlintMichiganTropics,4,
2016-17,19,Unknown (Queen Liz Did 9/11),Queen Liz Did 9/11,8,Michael,Bongoloids,1,
2016-17,20,John,Booker's Bitches,4,Michael,Bongoloids,4,1
2016-17,20,Liam,808s and Fastbreaks,2,Josh E,The Sun Bear's,7,1
2016-17,21,Josh,Silver Surfer,5,John,Booker's Bitches,4,1
2016-17,21,Josh E,The Sun Bear's,3,Unknown (Queen Liz Did 9/11),Queen Liz Did 9/11,6,1
2016-17,21,Liam,808s and Fastbreaks,4,Michael,Bongoloids,5,1
2016-17,22,Josh,Silver Surfer,5,Unknown (Queen Liz Did 9/11),Queen Liz Did 9/11,4,1
2016-17,22,John,Booker's Bitches,6,Josh E,The Sun Bear's,3,1
2016-17,22,Matt,Totally Legit Goods,3,Mitchell,FlintMichiganTropics,6,1
2017-18,1,Josh,Silver Surfer,6,Mitchell,Kobe Passed!!!!!!!!!,3,
2017-18,1,John,Booker's Bitches,5,Liam,808s and Fastbreaks,4,
2017-18,1,Carlos,Hypebitch,3,Stefan,50 shades of Klay,6,
2017-18,1,Josh E,The Sun Bear's,4,Adrian,Adrian's Team,5,
2017-18,1,Matt,Totally Legit Goods,4,Michael,Spungetti&Meatballs,5,
2017-18,2,Josh,Silver Surfer,3,Stefan,50 shades of Klay,4,
2017-18,2,John,Booker's Bitches,6,Carlos,Hypebitch,3,
2017-18,2,Liam,808s and Fastbreaks,4,Michael,Spungetti&Meatballs,5,
2017-18,2,Josh E,The Sun Bear's,5,Mitchell,Kobe Passed!!!!!!!!!,4,
2017-18,2,Matt,Totally Legit Goods,3,Adrian,Adrian's Team,6,
2017-18,3,Josh,Silver Surfer,3,John,Booker's Bitches,6,
2017-18,3,Liam,808s and Fastbreaks,6,Carlos,Hypebitch,3,
2017-18,3,Josh E,The Sun Bear's,3,Stefan,50 shades of Klay,6,
2017-18,3,Matt,Totally Legit Goods,6,Mitchell,Kobe Passed!!!!!!!!!,3,
2017-18,3,Adrian,Adrian's Team,4,Michael,Spungetti&Meatballs,5,
2017-18,4,Josh,Silver Surfer,7,Liam,808s and Fastbreaks,2,
2017-18,4,John,Booker's Bitches,8,Josh E,The Sun Bear's,1,
2017-18,4,Carlos,Hypebitch,5,Michael,Spungetti&Meatballs,3,
2017-18,4,Matt,Totally Legit Goods,2,Stefan,50 shades of Klay,7,
2017-18,4,Adrian,Adrian's Team,3,Mitchell,Kobe Passed!!!!!!!!!,5,
2017-18,5,Josh,Silver Surfer,7,Carlos,Hypebitch,2,
2017-18,5,John,Booker's Bitches,6,Matt,Totally Legit Goods,2,
2017-18,5,Liam,808s and Fastbreaks,7,Josh E,The Sun Bear's,2,
2017-18,5,Adrian,Adrian's Team,1,Stefan,50 shades of Klay,8,
2017-18,5,Mitchell,Kobe Passed!!!!!!!!!,5,Michael,Spungetti&Meatballs,4,
2017-18,6,Josh,Silver Surfer,7,Michael,Spungetti&Meatballs,2,
2017-18,6,John,Booker's Bitches,4,Adrian,Adrian's Team,5,
2017-18,6,Liam,808s and Fastbreaks,3,Matt,Totally Legit Goods,6,
2017-18,6,Carlos,Hypebitch,3,Josh E,The Sun Bear's,5,
2017-18,6,Mitchell,Kobe Passed!!!!!!!!!,3,Stefan,50 shades of Klay,6,
2017-18,7,Josh,Silver Surfer,3,Josh E,The Sun Bear's,6,
2017-18,7,John,Booker's Bitches,6,Mitchell,Kobe Passed!!!!!!!!!,3,
2017-18,7,Liam,808s and Fastbreaks,4,Adrian,Adrian's Team,5,
2017-18,7,Carlos,Hypebitch,7,Matt,Totally Legit Goods,0,
2017-18,7,Stefan,50 shades of Klay,7,Michael,Spungetti&Meatballs,2,
2017-18,8,Josh,Silver Surfer,7,Matt,Totally Legit Goods,2,
2017-18,8,John,Booker's Bitches,5,Stefan,50 shades of Klay,4,
2017-18,8,Liam,808s and Fastbreaks,6,Mitchell,Kobe Passed!!!!!!!!!,3,
2017-18,8,Carlos,Hypebitch,6,Adrian,Adrian's Team,3,
2017-18,8,Josh E,The Sun Bear's,5,Michael,Spungetti&Meatballs,4,
2017-18,9,Josh,Silver Surfer,8,Adrian,Adrian's Team,1,
2017-18,9,John,Booker's Bitches,6,Michael,Spungetti&Meatballs,3,
2017-18,9,Liam,808s and Fastbreaks,2,Stefan,50 shades of Klay,7,
2017-18,9,Carlos,Hypebitch,7,Mitchell,Kobe Passed!!!!!!!!!,2,
2017-18,9,Josh E,The Sun Bear's,6,Matt,Totally Legit Goods,3,
2017-18,10,Josh,Silver Surfer,7,Mitchell,Kobe Passed!!!!!!!!!,2,
2017-18,10,John,Booker's Bitches,4,Liam,808s and Fastbreaks,4,
2017-18,10,Carlos,Hypebitch,3,Stefan,50 shades of Klay,6,
2017-18,10,Josh E,The Sun Bear's,4,Adrian,Adrian's Team,5,
2017-18,10,Matt,Totally Legit Goods,7,Michael,Spungetti&Meatballs,2,
2017-18,11,Josh,Silver Surfer,5,Stefan,50 shades of Klay,3,
2017-18,11,John,Booker's Bitches,6,Carlos,Hypebitch,3,
2017-18,11,Liam,808s and Fastbreaks,6,Michael,Spungetti&Meatballs,3,
2017-18,11,Josh E,The Sun Bear's,5,Mitchell,Kobe Passed!!!!!!!!!,4,
2017-18,11,Matt,Totally Legit Goods,2,Adrian,Adrian's Team,7,
2017-18,12,Josh,Silver Surfer,6,John,Booker's Bitches,3,
2017-18,12,Liam,808s and Fastbreaks,3,Carlos,Hypebitch,6,
2017-18,12,Josh E,The Sun Bear's,2,Stefan,50 shades of Klay,7,
2017-18,12,Matt,Totally Legit Goods,6,Mitchell,Kobe Passed!!!!!!!!!,3,
2017-18,12,Adrian,Adrian's Team,5,Michael,Spungetti&Meatballs,4,
2017-18,13,Josh,Silver Surfer,7,Liam,808s and Fastbreaks,2,
2017-18,13,John,Booker's Bitches,6,Josh E,The Sun Bear's,3,
2017-18,13,Carlos,Hypebitch,7,Michael,Spungetti&Meatballs,2,
2017-18,13,Matt,Totally Legit Goods,4,Stefan,50 shades of Klay,5,
2017-18,13,Adrian,Adrian's Team,5,Mitchell,Kobe Passed!!!!!!!!!,3,
2017-18,14,Josh,Silver Surfer,7,Carlos,Hypebitch,2,
2017-18,14,John,Booker's Bitches,6,Matt,Totally Legit Goods,2,
2017-18,14,Liam,808s and Fastbreaks,4,Josh E,The Sun Bear's,5,
2017-18,14,Adrian,Adrian's Team,3,Stefan,50 shades of Klay,6,
2017-18,14,Mitchell,Kobe Passed!!!!!!!!!,6,Michael,Spungetti&Meatballs,3,
2017-18,15,Josh,Silver Surfer,7,Michael,Spungetti&Meatballs,2,
2017-18,15,John,Booker's Bitches,5,Adrian,Adrian's Team,4,
2017-18,15,Liam,808s and Fastbreaks,5,Matt,Totally Legit Goods,4,
2017-18,15,Carlos,Hypebitch,4,Josh E,The Sun Bear's,5,
2017-18,15,Mitchell,Kobe Passed!!!!!!!!!,2,Stefan,50 shades of Klay,7,
2017-18,16,Josh,Silver Surfer,2,Josh E,The Sun Bear's,7,
2017-18,16,John,Booker's Bitches,4,Mitchell,Kobe Passed!!!!!!!!!,5,
2017-18,16,Liam,808s and Fastbreaks,2,Adrian,Adrian's Team,7,
2017-18,16,Carlos,Hypebitch,7,Matt,Totally Legit Goods,2,
2017-18,16,Stefan,50 shades of Klay,8,Michael,Spungetti&Meatballs,1,
2017-18,17,Josh,Silver Surfer,3,Matt,Totally Legit Goods,6,
2017-18,17,John,Booker's Bitches,3,Stefan,50 shades of Klay,6,
2017-18,17,Liam,808s and Fastbreaks,6,Mitchell,Kobe Passed!!!!!!!!!,2,
2017-18,17,Carlos,Hypebitch,7,Adrian,Adrian's Team,2,
2017-18,17,Josh E,The Sun Bear's,7,Michael,Spungetti&Meatballs,2,
2017-18,18,Josh,Silver Surfer,8,Adrian,Adrian's Team,1,
2017-18,18,John,Booker's Bitches,7,Michael,Spungetti&Meatballs,2,
2017-18,18,Liam,808s and Fastbreaks,1,Stefan,50 shades of Klay,8,
2017-18,18,Carlos,Hypebitch,5,Mitchell,Kobe Passed!!!!!!!!!,4,
2017-18,18,Josh E,The Sun Bear's,3,Matt,Totally Legit Goods,5,
2017-18,19,Josh,Silver Surfer,7,Mitchell,Kobe Passed!!!!!!!!!,2,
2017-18,19,John,Booker's Bitches,5,Liam,808s and Fastbreaks,4,
2017-18,19,Carlos,Hypebitch,2,Stefan,50 shades of Klay,7,
2017-18,19,Josh E,The Sun Bear's,2,Adrian,Adrian's Team,7,
2017-18,19,Matt,Totally Legit Goods,7,Michael,Spungetti&Meatballs,2,
2017-18,20,Josh,Silver Surfer,2,Stefan,50 shades of Klay,7,
2017-18,20,John,Booker's Bitches,7,Carlos,Hypebitch,2,
2017-18,20,Liam,808s and Fastbreaks,6,Michael,Spungetti&Meatballs,3,
2017-18,20,Josh E,The Sun Bear's,6,Mitchell,Kobe Passed!!!!!!!!!,3,
2017-18,20,Matt,Totally Legit Goods,6,Adrian,Adrian's Team,3,
2017-18,21,Josh,Silver Surfer,7,Carlos,Hypebitch,2,1
2017-18,21,Josh E,The Sun Bear's,3,Adrian,Adrian's Team,6,1
2017-18,22,Josh,Silver Surfer,7,John,Booker's Bitches,2,1
2017-18,22,Adrian,Adrian's Team,2,Stefan,50 shades of Klay,7,1
2017-18,22,Liam,808s and Fastbreaks,6,Mitchell,Kobe Passed!!!!!!!!!,3,1
2017-18,22,Carlos,Hypebitch,3,Josh E,The Sun Bear's,6,1
2017-18,22,Matt,Totally Legit Goods,4,Michael,Spungetti&Meatballs,5,1
2017-18,23,Josh,Silver Surfer,5,Stefan,50 shades of Klay,3,1
2017-18,23,John,Booker's Bitches,4,Adrian,Adrian's Team,5,1
2017-18,23,Liam,808s and Fastbreaks,6,Michael,Spungetti&Meatballs,3,1
2017-18,23,Matt,Totally Legit Goods,6,Mitchell,Kobe Passed!!!!!!!!!,3,1
2018-19,1,Josh,Silver Surfer,5,Stefan,50 shades of Klay,4,
2018-19,1,John,My Two Dads,5,Liam,808s and Fastbreaks,4,
2018-19,1,Josh E,The Sun Bear's,4,Michael,HoneyModeAssBlasters,5,
2018-19,1,Matt,The Glassinator,2,Mitchell,Kobe Passed!!!!!!!!!,7,
2018-19,1,Adrian,Adrian's Team,5,Unknown (Doncic's Mum),Doncic's Mum,4,
2018-19,2,Josh,Silver Surfer,2,John,My Two Dads,7,
2018-19,2,Liam,808s and Fastbreaks,8,Unknown (Doncic's Mum),Doncic's Mum,1,
2018-19,2,Josh E,The Sun Bear's,4,Stefan,50 shades of Klay,4,
2018-19,2,Matt,The Glassinator,2,Michael,HoneyModeAssBlasters,7,
2018-19,2,Adrian,Adrian's Team,3,Mitchell,Kobe Passed!!!!!!!!!,6,
2018-19,3,Josh,Silver Surfer,4,Liam,808s and Fastbreaks,4,
2018-19,3,John,My Two Dads,6,Josh E,The Sun Bear's,3,
2018-19,3,Matt,The Glassinator,2,Stefan,50 shades of Klay,7,
2018-19,3,Adrian,Adrian's Team,2,Michael,HoneyModeAssBlasters,7,
2018-19,3,Mitchell,Kobe Passed!!!!!!!!!,6,Unknown (Doncic's Mum),Doncic's Mum,3,
2018-19,4,Josh,Silver Surfer,5,Unknown (Doncic's Mum),Doncic's Mum,4,
2018-19,4,John,My Two Dads,8,Matt,The Glassinator,1,
2018-19,4,Liam,808s and Fastbreaks,7,Josh E,The Sun Bear's,2,
2018-19,4,Adrian,Adrian's Team,2,Stefan,50 shades of Klay,7,
2018-19,4,Mitchell,Kobe Passed!!!!!!!!!,4,Michael,HoneyModeAssBlasters,5,
2018-19,5,Josh,Silver Surfer,7,Josh E,The Sun Bear's,2,
2018-19,5,John,My Two Dads,8,Adrian,Adrian's Team,1,
2018-19,5,Liam,808s and Fastbreaks,7,Matt,The Glassinator,2,
2018-19,5,Mitchell,Kobe Passed!!!!!!!!!,5,Stefan,50 shades of Klay,4,
2018-19,5,Michael,HoneyModeAssBlasters,5,Unknown (Doncic's Mum),Doncic's Mum,4,
2018-19,6,Josh,Silver Surfer,7,Matt,The Glassinator,2,
2018-19,6,John,My Two Dads,2,Mitchell,Kobe Passed!!!!!!!!!,7,
2018-19,6,Liam,808s and Fastbreaks,7,Adrian,Adrian's Team,2,
2018-19,6,Josh E,The Sun Bear's,4,Unknown (Doncic's Mum),Doncic's Mum,4,
2018-19,6,Michael,HoneyModeAssBlasters,4,Stefan,50 shades of Klay,5,
2018-19,7,Josh,Silver Surfer,5,Adrian,Adrian's Team,4,
2018-19,7,John,My Two Dads,6,Michael,HoneyModeAssBlasters,3,
2018-19,7,Liam,808s and Fastbreaks,5,Mitchell,Kobe Passed!!!!!!!!!,4,
2018-19,7,Josh E,The Sun Bear's,7,Matt,The Glassinator,2,
2018-19,7,Stefan,50 shades of Klay,7,Unknown (Doncic's Mum),Doncic's Mum,2,
2018-19,8,Josh,Silver Surfer,7,Mitchell,Kobe Passed!!!!!!!!!,2,
2018-19,8,John,My Two Dads,3,Stefan,50 shades of Klay,6,
2018-19,8,Liam,808s and Fastbreaks,4,Michael,HoneyModeAssBlasters,5,
2018-19,8,Josh E,The Sun Bear's,5,Adrian,Adrian's Team,4,
2018-19,8,Matt,The Glassinator,2,Unknown (Doncic's Mum),Doncic's Mum,7,
2018-19,9,Josh,Silver Surfer,7,Michael,HoneyModeAssBlasters,2,
2018-19,9,John,My Two Dads,7,Unknown (Doncic's Mum),Doncic's Mum,2,
2018-19,9,Liam,808s and Fastbreaks,5,Stefan,50 shades of Klay,4,
2018-19,9,Josh E,The Sun Bear's,2,Mitchell,Kobe Passed!!!!!!!!!,7,
2018-19,9,Matt,The Glassinator,3,Adrian,Adrian's Team,6,
2018-19,10,Josh,Silver Surfer,5,Stefan,50 shades of Klay,4,
2018-19,10,John,My Two Dads,4,Liam,808s and Fastbreaks,4,
2018-19,10,Josh E,The Sun Bear's,4,Michael,HoneyModeAssBlasters,5,
2018-19,10,Matt,The Glassinator,3,Mitchell,Kobe Passed!!!!!!!!!,6,
2018-19,10,Adrian,Adrian's Team,6,Unknown (Doncic's Mum),Doncic's Mum,2,
2018-19,11,Josh,Silver Surfer,7,John,My Two Dads,2,
2018-19,11,Liam,808s and Fastbreaks,8,Unknown (Doncic's Mum),Doncic's Mum,1,
2018-19,11,Josh E,The Sun Bear's,0,Stefan,50 shades of Klay,9,
2018-19,11,Matt,The Glassinator,1,Michael,HoneyModeAssBlasters,8,
2018-19,11,Adrian,Adrian's Team,2,Mitchell,Kobe Passed!!!!!!!!!,7,
2018-19,12,Josh,Silver Surfer,8,Liam,808s and Fastbreaks,1,
2018-19,12,John,My Two Dads,2,Josh E,The Sun Bear's,7,
2018-19,12,Matt,The Glassinator,4,Stefan,50 shades of Klay,5,
2018-19,12,Adrian,Adrian's Team,4,Michael,HoneyModeAssBlasters,5,
2018-19,12,Mitchell,Kobe Passed!!!!!!!!!,8,Unknown (Doncic's Mum),Doncic's Mum,1,
2018-19,13,Josh,Silver Surfer,6,Unknown (Doncic's Mum),Doncic's Mum,3,
2018-19,13,John,My Two Dads,6,Matt,The Glassinator,3,
2018-19,13,Liam,808s and Fastbreaks,7,Josh E,The Sun Bear's,2,
2018-19,13,Adrian,Adrian's Team,3,Stefan,50 shades of Klay,6,
2018-19,13,Mitchell,Kobe Passed!!!!!!!!!,2,Michael,HoneyModeAssBlasters,7,
2018-19,14,Josh,Silver Surfer,5,Josh E,The Sun Bear's,3,
2018-19,14,John,My Two Dads,7,Adrian,Adrian's Team,2,
2018-19,14,Liam,808s and Fastbreaks,5,Matt,The Glassinator,4,
2018-19,14,Mitchell,Kobe Passed!!!!!!!!!,5,Stefan,50 shades of Klay,4,
2018-19,14,Michael,HoneyModeAssBlasters,8,Unknown (Doncic's Mum),Doncic's Mum,1,
2018-19,15,Josh,Silver Surfer,8,Matt,The Glassinator,1,
2018-19,15,John,My Two Dads,3,Mitchell,Kobe Passed!!!!!!!!!,6,
2018-19,15,Liam,808s and Fastbreaks,7,Adrian,Adrian's Team,2,
2018-19,15,Josh E,The Sun Bear's,7,Unknown (Doncic's Mum),Doncic's Mum,2,
2018-19,15,Michael,HoneyModeAssBlasters,5,Stefan,50 shades of Klay,4,
2018-19,16,Josh,Silver Surfer,5,Adrian,Adrian's Team,4,
2018-19,16,John,My Two Dads,1,Michael,HoneyModeAssBlasters,8,
2018-19,16,Liam,808s and Fastbreaks,7,Mitchell,Kobe Passed!!!!!!!!!,2,
2018-19,16,Josh E,The Sun Bear's,6,Matt,The Glassinator,3,
2018-19,16,Stefan,50 shades of Klay,8,Unknown (Doncic's Mum),Doncic's Mum,1,
2018-19,17,Josh,Silver Surfer,2,Mitchell,Kobe Passed!!!!!!!!!,6,
2018-19,17,John,My Two Dads,6,Stefan,50 shades of Klay,3,
2018-19,17,Liam,808s and Fastbreaks,4,Michael,HoneyModeAssBlasters,5,
2018-19,17,Josh E,The Sun Bear's,7,Adrian,Adrian's Team,2,
2018-19,17,Matt,The Glassinator,7,Unknown (Doncic's Mum),Doncic's Mum,2,
2018-19,18,Josh,Silver Surfer,5,Michael,HoneyModeAssBlasters,4,
2018-19,18,John,My Two Dads,7,Unknown (Doncic's Mum),Doncic's Mum,2,
2018-19,18,Liam,808s and Fastbreaks,3,Stefan,50 shades of Klay,6,
2018-19,18,Josh E,The Sun Bear's,5,Mitchell,Kobe Passed!!!!!!!!!,4,
2018-19,18,Matt,The Glassinator,3,Adrian,Adrian's Team,6,
2018-19,19,Josh,Silver Surfer,8,Stefan,50 shades of Klay,1,
2018-19,19,John,My Two Dads,3,Liam,808s and Fastbreaks,5,
2018-19,19,Josh E,The Sun Bear's,2,Michael,HoneyModeAssBlasters,7,
2018-19,19,Matt,The Glassinator,6,Mitchell,Kobe Passed!!!!!!!!!,3,
2018-19,19,Adrian,Adrian's Team,5,Unknown (Doncic's Mum),Doncic's Mum,3,
2018-19,20,Josh,Silver Surfer,7,John,My Two Dads,2,
2018-19,20,Liam,808s and Fastbreaks,6,Unknown (Doncic's Mum),Doncic's Mum,3,
2018-19,20,Josh E,The Sun Bear's,2,Stefan,50 shades of Klay,7,
2018-19,20,Matt,The Glassinator,2,Michael,HoneyModeAssBlasters,7,
2018-19,20,Adrian,Adrian's Team,4,Mitchell,Kobe Passed!!!!!!!!!,5,
2018-19,21,John,My Two Dads,5,Liam,808s and Fastbreaks,4,1
2018-19,21,Mitchell,Kobe Passed!!!!!!!!!,4,Stefan,50 shades of Klay,5,1
2018-19,22,Josh,Silver Surfer,6,Stefan,50 shades of Klay,3,1
2018-19,22,John,My Two Dads,4,Michael,HoneyModeAssBlasters,5,1
2018-19,22,Liam,808s and Fastbreaks,3,Mitchell,Kobe Passed!!!!!!!!!,6,1
2018-19,22,Josh E,The Sun Bear's,5,Unknown (Doncic's Mum),Doncic's Mum,4,1
2018-19,22,Matt,The Glassinator,6,Adrian,Adrian's Team,3,1
2018-19,23,Josh,Silver Surfer,6,Michael,HoneyModeAssBlasters,3,1
2018-19,23,John,My Two Dads,5,Stefan,50 shades of Klay,4,1
2018-19,23,Josh E,The Sun Bear's,4,Matt,The Glassinator,5,1
2018-19,23,Adrian,Adrian's Team,3,Unknown (Doncic's Mum),Doncic's Mum,6,1
2019-20,1,Josh,Silver Surfer,3,Stefan,BOL BOLS BIG 🅱️ICK,6,
2019-20,1,John,Livin’ La Vida Luka,4,Justin,KATmandu,4,
2019-20,1,Liam,Tacko Tuuuuuesday,4,Adel,Adels team,5,
2019-20,1,Michael,The 🅱️RE🅰️THERS,1,Jarrek,Midnight Shooters,7,
2019-20,1,Matt,The Reverso,7,Jack,Flint Tropics,2,
2019-20,1,Mitchell,Better Call Gasol.,7,Max,Ntlinika’s Nightmare,2,
2019-20,2,Josh,Silver Surfer,8,Jarrek,Midnight Shooters,1,
2019-20,2,John,Livin’ La Vida Luka,5,Liam,Tacko Tuuuuuesday,4,
2019-20,2,Justin,KATmandu,3,Max,Ntlinika’s Nightmare,5,
2019-20,2,Michael,The 🅱️RE🅰️THERS,3,Adel,Adels team,6,
2019-20,2,Matt,The Reverso,6,Stefan,BOL BOLS BIG 🅱️ICK,3,
2019-20,2,Mitchell,Better Call Gasol.,5,Jack,Flint Tropics,4,
2019-20,3,Josh,Silver Surfer,7,Adel,Adels team,2,
2019-20,3,John,Livin’ La Vida Luka,6,Michael,The 🅱️RE🅰️THERS,3,
2019-20,3,Justin,KATmandu,4,Liam,Tacko Tuuuuuesday,5,
2019-20,3,Matt,The Reverso,4,Jarrek,Midnight Shooters,5,
2019-20,3,Mitchell,Better Call Gasol.,2,Stefan,BOL BOLS BIG 🅱️ICK,7,
2019-20,3,Jack,Flint Tropics,3,Max,Ntlinika’s Nightmare,6,
2019-20,4,Josh,Silver Surfer,2,John,Livin’ La Vida Luka,7,
2019-20,4,Justin,KATmandu,6,Michael,The 🅱️RE🅰️THERS,3,
2019-20,4,Liam,Tacko Tuuuuuesday,5,Max,Ntlinika’s Nightmare,4,
2019-20,4,Matt,The Reverso,7,Adel,Adels team,2,
2019-20,4,Mitchell,Better Call Gasol.,3,Jarrek,Midnight Shooters,6,
2019-20,4,Jack,Flint Tropics,3,Stefan,BOL BOLS BIG 🅱️ICK,6,
2019-20,5,Josh,Silver Surfer,6,Justin,KATmandu,3,
2019-20,5,John,Livin’ La Vida Luka,2,Matt,The Reverso,7,
2019-20,5,Liam,Tacko Tuuuuuesday,6,Michael,The 🅱️RE🅰️THERS,3,
2019-20,5,Mitchell,Better Call Gasol.,7,Adel,Adels team,2,
2019-20,5,Jack,Flint Tropics,5,Jarrek,Midnight Shooters,4,
2019-20,5,Stefan,BOL BOLS BIG 🅱️ICK,6,Max,Ntlinika’s Nightmare,3,
2019-20,6,Josh,Silver Surfer,3,Liam,Tacko Tuuuuuesday,6,
2019-20,6,John,Livin’ La Vida Luka,5,Mitchell,Better Call Gasol.,4,
2019-20,6,Justin,KATmandu,6,Matt,The Reverso,3,
2019-20,6,Michael,The 🅱️RE🅰️THERS,3,Max,Ntlinika’s Nightmare,6,
2019-20,6,Jack,Flint Tropics,5,Adel,Adels team,3,
2019-20,6,Stefan,BOL BOLS BIG 🅱️ICK,5,Jarrek,Midnight Shooters,4,
2019-20,7,Josh,Silver Surfer,5,Michael,The 🅱️RE🅰️THERS,4,
2019-20,7,John,Livin’ La Vida Luka,6,Jack,Flint Tropics,3,
2019-20,7,Justin,KATmandu,6,Mitchell,Better Call Gasol.,3,
2019-20,7,Liam,Tacko Tuuuuuesday,3,Matt,The Reverso,6,
2019-20,7,Stefan,BOL BOLS BIG 🅱️ICK,5,Adel,Adels team,4,
2019-20,7,Jarrek,Midnight Shooters,7,Max,Ntlinika’s Nightmare,2,
2019-20,8,Josh,Silver Surfer,5,Max,Ntlinika’s Nightmare,3,
2019-20,8,John,Livin’ La Vida Luka,3,Stefan,BOL BOLS BIG 🅱️ICK,6,
2019-20,8,Justin,KATmandu,5,Jack,Flint Tropics,4,
2019-20,8,Liam,Tacko Tuuuuuesday,3,Mitchell,Better Call Gasol.,6,
2019-20,8,Michael,The 🅱️RE🅰️THERS,5,Matt,The Reverso,4,
2019-20,8,Jarrek,Midnight Shooters,1,Adel,Adels team,8,
2019-20,9,Josh,Silver Surfer,2,Matt,The Reverso,7,
2019-20,9,John,Livin’ La Vida Luka,6,Jarrek,Midnight Shooters,3,
2019-20,9,Justin,KATmandu,4,Stefan,BOL BOLS BIG 🅱️ICK,4,
2019-20,9,Liam,Tacko Tuuuuuesday,7,Jack,Flint Tropics,2,
2019-20,9,Michael,The 🅱️RE🅰️THERS,6,Mitchell,Better Call Gasol.,3,
2019-20,9,Adel,Adels team,5,Max,Ntlinika’s Nightmare,4,
2019-20,10,Josh,Silver Surfer,4,Mitchell,Better Call Gasol.,5,
2019-20,10,John,Livin’ La Vida Luka,7,Adel,Adels team,2,
2019-20,10,Justin,KATmandu,5,Jarrek,Midnight Shooters,4,
2019-20,10,Liam,Tacko Tuuuuuesday,7,Stefan,BOL BOLS BIG 🅱️ICK,2,
2019-20,10,Michael,The 🅱️RE🅰️THERS,4,Jack,Flint Tropics,5,
2019-20,10,Matt,The Reverso,8,Max,Ntlinika’s Nightmare,1,
2019-20,11,Josh,Silver Surfer,7,Jack,Flint Tropics,2,
2019-20,11,John,Livin’ La Vida Luka,5,Max,Ntlinika’s Nightmare,4,
2019-20,11,Justin,KATmandu,7,Adel,Adels team,2,
2019-20,11,Liam,Tacko Tuuuuuesday,6,Jarrek,Midnight Shooters,3,
2019-20,11,Michael,The 🅱️RE🅰️THERS,8,Stefan,BOL BOLS BIG 🅱️ICK,1,
2019-20,11,Matt,The Reverso,6,Mitchell,Better Call Gasol.,3,
2019-20,12,Josh,Silver Surfer,4,Stefan,BOL BOLS BIG 🅱️ICK,4,
2019-20,12,John,Livin’ La Vida Luka,5,Justin,KATmandu,4,
2019-20,12,Liam,Tacko Tuuuuuesday,7,Adel,Adels team,2,
2019-20,12,Michael,The 🅱️RE🅰️THERS,7,Jarrek,Midnight Shooters,2,
2019-20,12,Matt,The Reverso,7,Jack,Flint Tropics,2,
2019-20,12,Mitchell,Better Call Gasol.,6,Max,Ntlinika’s Nightmare,2,
2019-20,13,Josh,Silver Surfer,7,Jarrek,Midnight Shooters,2,
2019-20,13,John,Livin’ La Vida Luka,3,Liam,Tacko Tuuuuuesday,6,
2019-20,13,Justin,KATmandu,4,Max,Ntlinika’s Nightmare,5,
2019-20,13,Michael,The 🅱️RE🅰️THERS,7,Adel,Adels team,2,
2019-20,13,Matt,The Reverso,5,Stefan,BOL BOLS BIG 🅱️ICK,4,
2019-20,13,Mitchell,Better Call Gasol.,7,Jack,Flint Tropics,2,
2019-20,14,Josh,Silver Surfer,6,Adel,Adels team,3,
2019-20,14,John,Livin’ La Vida Luka,5,Michael,The 🅱️RE🅰️THERS,4,
2019-20,14,Justin,KATmandu,3,Liam,Tacko Tuuuuuesday,6,
2019-20,14,Matt,The Reverso,6,Jarrek,Midnight Shooters,3,
2019-20,14,Mitchell,Better Call Gasol.,3,Stefan,BOL BOLS BIG 🅱️ICK,6,
2019-20,14,Jack,Flint Tropics,4,Max,Ntlinika’s Nightmare,5,
2019-20,15,Josh,Silver Surfer,5,John,Livin’ La Vida Luka,4,
2019-20,15,Justin,KATmandu,3,Michael,The 🅱️RE🅰️THERS,6,
2019-20,15,Liam,Tacko Tuuuuuesday,7,Max,Ntlinika’s Nightmare,2,
2019-20,15,Matt,The Reverso,5,Adel,Adels team,4,
2019-20,15,Mitchell,Better Call Gasol.,5,Jarrek,Midnight Shooters,4,
2019-20,15,Jack,Flint Tropics,3,Stefan,BOL BOLS BIG 🅱️ICK,6,
2019-20,16,Josh,Silver Surfer,5,Justin,KATmandu,4,
2019-20,16,John,Livin’ La Vida Luka,6,Matt,The Reverso,3,
2019-20,16,Liam,Tacko Tuuuuuesday,4,Michael,The 🅱️RE🅰️THERS,5,
2019-20,16,Mitchell,Better Call Gasol.,5,Adel,Adels team,4,
2019-20,16,Jack,Flint Tropics,3,Jarrek,Midnight Shooters,6,
2019-20,16,Stefan,BOL BOLS BIG 🅱️ICK,6,Max,Ntlinika’s Nightmare,3,
2019-20,17,Josh,Silver Surfer,4,Liam,Tacko Tuuuuuesday,5,
2019-20,17,John,Livin’ La Vida Luka,4,Mitchell,Better Call Gasol.,5,
2019-20,17,Justin,KATmandu,1,Matt,The Reverso,8,
2019-20,17,Michael,The 🅱️RE🅰️THERS,6,Max,Ntlinika’s Nightmare,3,
2019-20,17,Jack,Flint Tropics,2,Adel,Adels team,7,
2019-20,17,Stefan,BOL BOLS BIG 🅱️ICK,8,Jarrek,Midnight Shooters,1,
2019-20,18,Josh,Silver Surfer,6,Michael,The 🅱️RE🅰️THERS,3,
2019-20,18,John,Livin’ La Vida Luka,6,Jack,Flint Tropics,3,
2019-20,18,Justin,KATmandu,1,Mitchell,Better Call Gasol.,8,
2019-20,18,Liam,Tacko Tuuuuuesday,6,Matt,The Reverso,3,
2019-20,18,Stefan,BOL BOLS BIG 🅱️ICK,7,Adel,Adels team,2,
2019-20,18,Jarrek,Midnight Shooters,4,Max,Ntlinika’s Nightmare,5,
2019-20,19,Josh,Silver Surfer,7,Max,Ntlinika’s Nightmare,2,
2019-20,19,John,Livin’ La Vida Luka,7,Stefan,BOL BOLS BIG 🅱️ICK,2,
2019-20,19,Justin,KATmandu,5,Jack,Flint Tropics,4,
2019-20,19,Liam,Tacko Tuuuuuesday,7,Mitchell,Better Call Gasol.,2,
2019-20,19,Michael,The 🅱️RE🅰️THERS,7,Matt,The Reverso,2,
2019-20,19,Jarrek,Midnight Shooters,1,Adel,Adels team,8,
2020-21,1,Josh,Silver Surfer,7,Jarrek,Midnight Shooters,2,
2020-21,1,John,Look at Curry Man,4,Mitchell,Better Call Gasol.,5,
2020-21,1,Stefan,BOL BOLS BIG 🅱️ICK,3,Michael,Poo Anthony Towns,6,
2020-21,1,Jack,Flint Tropics,5,Matt,The Reverso,4,
2020-21,1,Justin,KATmandu,3,Liam,Tacko Tuuuuuesday,6,
2020-21,1,Max,Ntlinika’s Nightmare,5,Liam (Bangers and Nash),Bangers and Nash,4,
2020-21,2,Josh,Silver Surfer,6,Max,Ntlinika’s Nightmare,3,
2020-21,2,John,Look at Curry Man,4,Stefan,BOL BOLS BIG 🅱️ICK,5,
2020-21,2,Mitchell,Better Call Gasol.,8,Liam (Bangers and Nash),Bangers and Nash,1,
2020-21,2,Jack,Flint Tropics,5,Michael,Poo Anthony Towns,3,
2020-21,2,Justin,KATmandu,4,Matt,The Reverso,5,
2020-21,2,Jarrek,Midnight Shooters,2,Liam,Tacko Tuuuuuesday,7,
2020-21,3,Josh,Silver Surfer,6,Liam (Bangers and Nash),Bangers and Nash,2,
2020-21,3,John,Look at Curry Man,7,Jack,Flint Tropics,2,
2020-21,3,Mitchell,Better Call Gasol.,4,Stefan,BOL BOLS BIG 🅱️ICK,5,
2020-21,3,Justin,KATmandu,4,Michael,Poo Anthony Towns,5,
2020-21,3,Jarrek,Midnight Shooters,4,Matt,The Reverso,5,
2020-21,3,Max,Ntlinika’s Nightmare,5,Liam,Tacko Tuuuuuesday,4,
2020-21,4,Josh,Silver Surfer,5,Liam,Tacko Tuuuuuesday,4,
2020-21,4,John,Look at Curry Man,4,Justin,KATmandu,4,
2020-21,4,Mitchell,Better Call Gasol.,7,Jack,Flint Tropics,2,
2020-21,4,Stefan,BOL BOLS BIG 🅱️ICK,7,Liam (Bangers and Nash),Bangers and Nash,2,
2020-21,4,Jarrek,Midnight Shooters,3,Michael,Poo Anthony Towns,6,
2020-21,4,Max,Ntlinika’s Nightmare,3,Matt,The Reverso,5,
2020-21,5,Josh,Silver Surfer,5,Matt,The Reverso,4,
2020-21,5,John,Look at Curry Man,7,Jarrek,Midnight Shooters,2,
2020-21,5,Mitchell,Better Call Gasol.,6,Justin,KATmandu,3,
2020-21,5,Stefan,BOL BOLS BIG 🅱️ICK,6,Jack,Flint Tropics,2,
2020-21,5,Max,Ntlinika’s Nightmare,5,Michael,Poo Anthony Towns,4,
2020-21,5,Liam,Tacko Tuuuuuesday,8,Liam (Bangers and Nash),Bangers and Nash,1,
2020-21,6,Josh,Silver Surfer,4,Michael,Poo Anthony Towns,5,
2020-21,6,John,Look at Curry Man,5,Max,Ntlinika’s Nightmare,4,
2020-21,6,Mitchell,Better Call Gasol.,7,Jarrek,Midnight Shooters,2,
2020-21,6,Stefan,BOL BOLS BIG 🅱️ICK,7,Justin,KATmandu,2,
2020-21,6,Jack,Flint Tropics,7,Liam (Bangers and Nash),Bangers and Nash,2,
2020-21,6,Liam,Tacko Tuuuuuesday,2,Matt,The Reverso,6,
2020-21,7,Josh,Silver Surfer,2,John,Look at Curry Man,6,
2020-21,7,Mitchell,Better Call Gasol.,3,Max,Ntlinika’s Nightmare,6,
2020-21,7,Stefan,BOL BOLS BIG 🅱️ICK,8,Jarrek,Midnight Shooters,1,
2020-21,7,Jack,Flint Tropics,4,Justin,KATmandu,5,
2020-21,7,Liam,Tacko Tuuuuuesday,4,Michael,Poo Anthony Towns,5,
2020-21,7,Matt,The Reverso,4,Liam (Bangers and Nash),Bangers and Nash,5,
2020-21,8,Josh,Silver Surfer,1,Mitchell,Better Call Gasol.,7,
2020-21,8,John,Look at Curry Man,7,Liam,Tacko Tuuuuuesday,2,
2020-21,8,Stefan,BOL BOLS BIG 🅱️ICK,2,Max,Ntlinika’s Nightmare,7,
2020-21,8,Jack,Flint Tropics,3,Jarrek,Midnight Shooters,6,
2020-21,8,Justin,KATmandu,2,Liam (Bangers and Nash),Bangers and Nash,7,
2020-21,8,Matt,The Reverso,4,Michael,Poo Anthony Towns,5,
2020-21,9,Josh,Silver Surfer,6,Stefan,BOL BOLS BIG 🅱️ICK,3,
2020-21,9,John,Look at Curry Man,6,Matt,The Reverso,3,
2020-21,9,Mitchell,Better Call Gasol.,5,Liam,Tacko Tuuuuuesday,4,
2020-21,9,Jack,Flint Tropics,4,Max,Ntlinika’s Nightmare,5,
2020-21,9,Justin,KATmandu,5,Jarrek,Midnight Shooters,4,
2020-21,9,Michael,Poo Anthony Towns,5,Liam (Bangers and Nash),Bangers and Nash,4,
2020-21,10,Josh,Silver Surfer,7,Jack,Flint Tropics,2,
2020-21,10,John,Look at Curry Man,5,Michael,Poo Anthony Towns,4,
2020-21,10,Mitchell,Better Call Gasol.,5,Matt,The Reverso,4,
2020-21,10,Stefan,BOL BOLS BIG 🅱️ICK,7,Liam,Tacko Tuuuuuesday,2,
2020-21,10,Justin,KATmandu,4,Max,Ntlinika’s Nightmare,5,
2020-21,10,Jarrek,Midnight Shooters,7,Liam (Bangers and Nash),Bangers and Nash,2,
2020-21,11,Josh,Silver Surfer,7,Justin,KATmandu,2,
2020-21,11,John,Look at Curry Man,5,Liam (Bangers and Nash),Bangers and Nash,4,
2020-21,11,Mitchell,Better Call Gasol.,3,Michael,Poo Anthony Towns,6,
2020-21,11,Stefan,BOL BOLS BIG 🅱️ICK,5,Matt,The Reverso,4,
2020-21,11,Jack,Flint Tropics,2,Liam,Tacko Tuuuuuesday,7,
2020-21,11,Jarrek,Midnight Shooters,6,Max,Ntlinika’s Nightmare,2,
2020-21,12,Josh,Silver Surfer,6,Jarrek,Midnight Shooters,3,
2020-21,12,John,Look at Curry Man,5,Mitchell,Better Call Gasol.,4,
2020-21,12,Stefan,BOL BOLS BIG 🅱️ICK,2,Michael,Poo Anthony Towns,7,
2020-21,12,Jack,Flint Tropics,1,Matt,The Reverso,8,
2020-21,12,Justin,KATmandu,3,Liam,Tacko Tuuuuuesday,6,
2020-21,12,Max,Ntlinika’s Nightmare,5,Liam (Bangers and Nash),Bangers and Nash,4,
2020-21,13,Josh,Silver Surfer,8,Max,Ntlinika’s Nightmare,1,
2020-21,13,John,Look at Curry Man,3,Stefan,BOL BOLS BIG 🅱️ICK,6,
2020-21,13,Mitchell,Better Call Gasol.,8,Liam (Bangers and Nash),Bangers and Nash,1,
2020-21,13,Jack,Flint Tropics,2,Michael,Poo Anthony Towns,7,
2020-21,13,Justin,KATmandu,3,Matt,The Reverso,6,
2020-21,13,Jarrek,Midnight Shooters,2,Liam,Tacko Tuuuuuesday,7,
2020-21,14,Josh,Silver Surfer,7,Liam (Bangers and Nash),Bangers and Nash,2,
2020-21,14,John,Look at Curry Man,7,Jack,Flint Tropics,2,
2020-21,14,Mitchell,Better Call Gasol.,2,Stefan,BOL BOLS BIG 🅱️ICK,6,
2020-21,14,Justin,KATmandu,2,Michael,Poo Anthony Towns,7,
2020-21,14,Jarrek,Midnight Shooters,1,Matt,The Reverso,8,
2020-21,14,Max,Ntlinika’s Nightmare,4,Liam,Tacko Tuuuuuesday,5,
2020-21,15,Josh,Silver Surfer,8,Liam,Tacko Tuuuuuesday,1,
2020-21,15,John,Look at Curry Man,6,Justin,KATmandu,2,
2020-21,15,Mitchell,Better Call Gasol.,6,Jack,Flint Tropics,3,
2020-21,15,Stefan,BOL BOLS BIG 🅱️ICK,6,Liam (Bangers and Nash),Bangers and Nash,3,
2020-21,15,Jarrek,Midnight Shooters,1,Michael,Poo Anthony Towns,8,
2020-21,15,Max,Ntlinika’s Nightmare,7,Matt,The Reverso,2,
2020-21,16,Josh,Silver Surfer,5,Matt,The Reverso,4,
2020-21,16,John,Look at Curry Man,8,Jarrek,Midnight Shooters,1,
2020-21,16,Mitchell,Better Call Gasol.,8,Justin,KATmandu,1,
2020-21,16,Stefan,BOL BOLS BIG 🅱️ICK,6,Jack,Flint Tropics,2,
2020-21,16,Max,Ntlinika’s Nightmare,5,Michael,Poo Anthony Towns,4,
2020-21,16,Liam,Tacko Tuuuuuesday,5,Liam (Bangers and Nash),Bangers and Nash,4,
2020-21,17,Mitchell,Better Call Gasol.,6,Michael,Poo Anthony Towns,3,1
2020-21,17,Stefan,BOL BOLS BIG 🅱️ICK,6,Max,Ntlinika’s Nightmare,3,1
2020-21,17,Jack,Flint Tropics,4,Justin,KATmandu,5,1
2020-21,17,Jarrek,Midnight Shooters,4,Liam (Bangers and Nash),Bangers and Nash,5,1
2020-21,18,Josh,Silver Surfer,3,Mitchell,Better Call Gasol.,5,1
2020-21,18,John,Look at Curry Man,5,Stefan,BOL BOLS BIG 🅱️ICK,4,1
2020-21,18,Jack,Flint Tropics,5,Jarrek,Midnight Shooters,4,1
2020-21,18,Justin,KATmandu,3,Liam,Tacko Tuuuuuesday,6,1
2020-21,18,Max,Ntlinika’s Nightmare,3,Michael,Poo Anthony Towns,6,1
2020-21,18,Matt,The Reverso,6,Liam (Bangers and Nash),Bangers and Nash,3,1
2020-21,19,John,Look at Curry Man,4,Mitchell,Better Call Gasol.,5,1
2020-21,19,Josh,Silver Surfer,5,Stefan,BOL BOLS BIG 🅱️ICK,4,1
2020-21,19,Justin,KATmandu,5,Liam (Bangers and Nash),Bangers and Nash,4,1
2020-21,19,Liam,Tacko Tuuuuuesday,4,Matt,The Reverso,5,1
2021-22,1,Josh,Silver Surfer,4,Max,Ntlinika’s Nightmare,5,
2021-22,1,John,Bubble Suns,6,Mitchell,Better Call Gasol.,2,
2021-22,1,Stefan,BOL BOLS BIG 🅱️ICK,7,Chivy,Team Skeeeeup Bayless,1,
2021-22,1,Jack,Flint Tropics,3,Matt,The Reverso,6,
2021-22,1,Justin,KATmandu,6,Liam,Tacko Tuuuuuesday,3,
2021-22,1,Michael,Big Big Chungus Big Chungus,6,Tom,WORLD TOMINATION,3,
2021-22,2,Josh,Silver Surfer,5,Michael,Big Big Chungus Big Chungus,4,
2021-22,2,John,Bubble Suns,7,Stefan,BOL BOLS BIG 🅱️ICK,2,
2021-22,2,Mitchell,Better Call Gasol.,4,Tom,WORLD TOMINATION,5,
2021-22,2,Jack,Flint Tropics,2,Chivy,Team Skeeeeup Bayless,7,
2021-22,2,Justin,KATmandu,3,Matt,The Reverso,4,
2021-22,2,Max,Ntlinika’s Nightmare,7,Liam,Tacko Tuuuuuesday,2,
2021-22,3,Josh,Silver Surfer,7,Tom,WORLD TOMINATION,2,
2021-22,3,John,Bubble Suns,6,Jack,Flint Tropics,3,
2021-22,3,Mitchell,Better Call Gasol.,2,Stefan,BOL BOLS BIG 🅱️ICK,7,
2021-22,3,Justin,KATmandu,2,Chivy,Team Skeeeeup Bayless,7,
2021-22,3,Max,Ntlinika’s Nightmare,0,Matt,The Reverso,9,
2021-22,3,Michael,Big Big Chungus Big Chungus,7,Liam,Tacko Tuuuuuesday,2,
2021-22,4,Josh,Silver Surfer,7,Liam,Tacko Tuuuuuesday,2,
2021-22,4,John,Bubble Suns,8,Justin,KATmandu,1,
2021-22,4,Mitchell,Better Call Gasol.,3,Jack,Flint Tropics,6,
2021-22,4,Stefan,BOL BOLS BIG 🅱️ICK,8,Tom,WORLD TOMINATION,1,
2021-22,4,Max,Ntlinika’s Nightmare,3,Chivy,Team Skeeeeup Bayless,6,
2021-22,4,Michael,Big Big Chungus Big Chungus,6,Matt,The Reverso,3,
2021-22,5,Josh,Silver Surfer,8,Matt,The Reverso,1,
2021-22,5,John,Bubble Suns,7,Max,Ntlinika’s Nightmare,2,
2021-22,5,Mitchell,Better Call Gasol.,4,Justin,KATmandu,4,
2021-22,5,Stefan,BOL BOLS BIG 🅱️ICK,4,Jack,Flint Tropics,5,
2021-22,5,Michael,Big Big Chungus Big Chungus,4,Chivy,Team Skeeeeup Bayless,5,
2021-22,5,Liam,Tacko Tuuuuuesday,4,Tom,WORLD TOMINATION,5,
2021-22,6,Josh,Silver Surfer,5,Chivy,Team Skeeeeup Bayless,4,
2021-22,6,John,Bubble Suns,5,Michael,Big Big Chungus Big Chungus,4,
2021-22,6,Mitchell,Better Call Gasol.,5,Max,Ntlinika’s Nightmare,3,
2021-22,6,Stefan,BOL BOLS BIG 🅱️ICK,6,Justin,KATmandu,3,
2021-22,6,Jack,Flint Tropics,3,Tom,WORLD TOMINATION,6,
2021-22,6,Liam,Tacko Tuuuuuesday,6,Matt,The Reverso,3,
2021-22,7,Josh,Silver Surfer,5,John,Bubble Suns,4,
2021-22,7,Mitchell,Better Call Gasol.,1,Michael,Big Big Chungus Big Chungus,8,
2021-22,7,Stefan,BOL BOLS BIG 🅱️ICK,7,Max,Ntlinika’s Nightmare,2,
2021-22,7,Jack,Flint Tropics,5,Justin,KATmandu,4,
2021-22,7,Liam,Tacko Tuuuuuesday,5,Chivy,Team Skeeeeup Bayless,4,
2021-22,7,Matt,The Reverso,4,Tom,WORLD TOMINATION,5,
2021-22,8,Josh,Silver Surfer,4,Mitchell,Better Call Gasol.,5,
2021-22,8,John,Bubble Suns,3,Liam,Tacko Tuuuuuesday,6,
2021-22,8,Stefan,BOL BOLS BIG 🅱️ICK,4,Michael,Big Big Chungus Big Chungus,5,
2021-22,8,Jack,Flint Tropics,7,Max,Ntlinika’s Nightmare,2,
2021-22,8,Justin,KATmandu,2,Tom,WORLD TOMINATION,7,
2021-22,8,Matt,The Reverso,6,Chivy,Team Skeeeeup Bayless,3,
2021-22,9,Josh,Silver Surfer,6,Stefan,BOL BOLS BIG 🅱️ICK,3,
2021-22,9,John,Bubble Suns,6,Matt,The Reverso,3,
2021-22,9,Mitchell,Better Call Gasol.,5,Liam,Tacko Tuuuuuesday,4,
2021-22,9,Jack,Flint Tropics,3,Michael,Big Big Chungus Big Chungus,5,
2021-22,9,Justin,KATmandu,3,Max,Ntlinika’s Nightmare,6,
2021-22,9,Chivy,Team Skeeeeup Bayless,4,Tom,WORLD TOMINATION,5,
2021-22,10,Josh,Silver Surfer,4,Jack,Flint Tropics,4,
2021-22,10,John,Bubble Suns,3,Chivy,Team Skeeeeup Bayless,5,
2021-22,10,Mitchell,Better Call Gasol.,3,Matt,The Reverso,6,
2021-22,10,Stefan,BOL BOLS BIG 🅱️ICK,1,Liam,Tacko Tuuuuuesday,7,
2021-22,10,Justin,KATmandu,2,Michael,Big Big Chungus Big Chungus,7,
2021-22,10,Max,Ntlinika’s Nightmare,4,Tom,WORLD TOMINATION,5,
2021-22,11,Josh,Silver Surfer,6,Justin,KATmandu,3,
2021-22,11,John,Bubble Suns,2,Tom,WORLD TOMINATION,6,
2021-22,11,Mitchell,Better Call Gasol.,2,Chivy,Team Skeeeeup Bayless,7,
2021-22,11,Stefan,BOL BOLS BIG 🅱️ICK,5,Matt,The Reverso,4,
2021-22,11,Jack,Flint Tropics,1,Liam,Tacko Tuuuuuesday,8,
2021-22,11,Max,Ntlinika’s Nightmare,3,Michael,Big Big Chungus Big Chungus,6,
2021-22,12,Josh,Silver Surfer,8,Max,Ntlinika’s Nightmare,1,
2021-22,12,John,Bubble Suns,6,Mitchell,Better Call Gasol.,2,
2021-22,12,Stefan,BOL BOLS BIG 🅱️ICK,3,Chivy,Team Skeeeeup Bayless,5,
2021-22,12,Jack,Flint Tropics,2,Matt,The Reverso,7,
2021-22,12,Justin,KATmandu,1,Liam,Tacko Tuuuuuesday,8,
2021-22,12,Michael,Big Big Chungus Big Chungus,4,Tom,WORLD TOMINATION,4,
2021-22,13,Josh,Silver Surfer,5,Michael,Big Big Chungus Big Chungus,4,
2021-22,13,John,Bubble Suns,1,Stefan,BOL BOLS BIG 🅱️ICK,8,
2021-22,13,Mitchell,Better Call Gasol.,4,Tom,WORLD TOMINATION,5,
2021-22,13,Jack,Flint Tropics,1,Chivy,Team Skeeeeup Bayless,8,
2021-22,13,Justin,KATmandu,5,Matt,The Reverso,4,
2021-22,13,Max,Ntlinika’s Nightmare,3,Liam,Tacko Tuuuuuesday,6,
2021-22,14,Josh,Silver Surfer,5,Tom,WORLD TOMINATION,4,
2021-22,14,John,Bubble Suns,6,Jack,Flint Tropics,3,
2021-22,14,Mitchell,Better Call Gasol.,3,Stefan,BOL BOLS BIG 🅱️ICK,6,
2021-22,14,Justin,KATmandu,2,Chivy,Team Skeeeeup Bayless,7,
2021-22,14,Max,Ntlinika’s Nightmare,3,Matt,The Reverso,6,
2021-22,14,Michael,Big Big Chungus Big Chungus,5,Liam,Tacko Tuuuuuesday,3,
2021-22,15,Josh,Silver Surfer,5,Liam,Tacko Tuuuuuesday,4,
2021-22,15,John,Bubble Suns,8,Justin,KATmandu,1,
2021-22,15,Mitchell,Better Call Gasol.,8,Jack,Flint Tropics,1,
2021-22,15,Stefan,BOL BOLS BIG 🅱️ICK,7,Tom,WORLD TOMINATION,2,
2021-22,15,Max,Ntlinika’s Nightmare,3,Chivy,Team Skeeeeup Bayless,6,
2021-22,15,Michael,Big Big Chungus Big Chungus,7,Matt,The Reverso,2,
2021-22,16,Josh,Silver Surfer,6,Matt,The Reverso,2,
2021-22,16,John,Bubble Suns,7,Max,Ntlinika’s Nightmare,2,
2021-22,16,Mitchell,Better Call Gasol.,5,Justin,KATmandu,4,
2021-22,16,Stefan,BOL BOLS BIG 🅱️ICK,8,Jack,Flint Tropics,1,
2021-22,16,Michael,Big Big Chungus Big Chungus,3,Chivy,Team Skeeeeup Bayless,6,
2021-22,16,Liam,Tacko Tuuuuuesday,6,Tom,WORLD TOMINATION,3,
2021-22,17,Josh,Silver Surfer,6,Chivy,Team Skeeeeup Bayless,3,
2021-22,17,John,Bubble Suns,5,Michael,Big Big Chungus Big Chungus,4,
2021-22,17,Mitchell,Better Call Gasol.,4,Max,Ntlinika’s Nightmare,5,
2021-22,17,Stefan,BOL BOLS BIG 🅱️ICK,7,Justin,KATmandu,2,
2021-22,17,Jack,Flint Tropics,4,Tom,WORLD TOMINATION,5,
2021-22,17,Liam,Tacko Tuuuuuesday,8,Matt,The Reverso,1,
2021-22,18,Josh,Silver Surfer,3,John,Bubble Suns,6,
2021-22,18,Mitchell,Better Call Gasol.,3,Michael,Big Big Chungus Big Chungus,6,
2021-22,18,Stefan,BOL BOLS BIG 🅱️ICK,6,Max,Ntlinika’s Nightmare,3,
2021-22,18,Jack,Flint Tropics,3,Justin,KATmandu,6,
2021-22,18,Liam,Tacko Tuuuuuesday,6,Chivy,Team Skeeeeup Bayless,3,
2021-22,18,Matt,The Reverso,7,Tom,WORLD TOMINATION,2,
2021-22,19,Josh,Silver Surfer,8,Mitchell,Better Call Gasol.,1,
2021-22,19,John,Bubble Suns,2,Liam,Tacko Tuuuuuesday,7,
2021-22,19,Stefan,BOL BOLS BIG 🅱️ICK,4,Michael,Big Big Chungus Big Chungus,5,
2021-22,19,Jack,Flint Tropics,1,Max,Ntlinika’s Nightmare,8,
2021-22,19,Justin,KATmandu,3,Tom,WORLD TOMINATION,6,
2021-22,19,Matt,The Reverso,8,Chivy,Team Skeeeeup Bayless,1,
2021-22,20,Josh,Silver Surfer,2,Stefan,BOL BOLS BIG 🅱️ICK,7,
2021-22,20,John,Bubble Suns,4,Matt,The Reverso,4,
2021-22,20,Mitchell,Better Call Gasol.,2,Liam,Tacko Tuuuuuesday,7,
2021-22,20,Jack,Flint Tropics,3,Michael,Big Big Chungus Big Chungus,6,
2021-22,20,Justin,KATmandu,2,Max,Ntlinika’s Nightmare,6,
2021-22,20,Chivy,Team Skeeeeup Bayless,3,Tom,WORLD TOMINATION,6,
2021-22,21,John,Bubble Suns,2,Liam,Tacko Tuuuuuesday,7,1
2021-22,21,Stefan,BOL BOLS BIG 🅱️ICK,2,Tom,WORLD TOMINATION,7,1
2021-22,21,Mitchell,Better Call Gasol.,7,Jack,Flint Tropics,2,1
2021-22,21,Justin,KATmandu,1,Max,Ntlinika’s Nightmare,8,1
2021-22,22,Josh,Silver Surfer,5,Tom,WORLD TOMINATION,3,1
2021-22,22,Michael,Big Big Chungus Big Chungus,5,Liam,Tacko Tuuuuuesday,4,1
2021-22,22,John,Bubble Suns,8,Stefan,BOL BOLS BIG 🅱️ICK,1,1
2021-22,22,Mitchell,Better Call Gasol.,4,Chivy,Team Skeeeeup Bayless,5,1
2021-22,22,Jack,Flint Tropics,5,Justin,KATmandu,3,1
2021-22,22,Max,Ntlinika’s Nightmare,1,Matt,The Reverso,8,1
2021-22,23,Josh,Silver Surfer,4,Michael,Big Big Chungus Big Chungus,5,1
2021-22,23,Mitchell,Better Call Gasol.,4,Max,Ntlinika’s Nightmare,4,1
2021-22,23,Liam,Tacko Tuuuuuesday,2,Tom,WORLD TOMINATION,7,1
2021-22,23,Matt,The Reverso,5,Chivy,Team Skeeeeup Bayless,4,1
2022-23,1,Josh,Silver Surfer,6,Jerry,TERMINATOR,3,
2022-23,1,John,Bubble Suns,6,Liam,Tacko Tuuuuuesday,3,
2022-23,1,Mitchell,Better Call Gasol.,5,Jack,Flint Tropics,4,
2022-23,1,Stefan,BOL BOLS BIG 🅱️ICK,4,Chivy,Coach Carter,4,
2022-23,1,Saxon,Zaddy Lonzo,6,Tom,WORLD TOMINATION,3,
2022-23,1,Michael,Big Big Chungus Big Chungus,4,Matt,The Reverso,5,
2022-23,2,Josh,Silver Surfer,5,Jack,Flint Tropics,4,
2022-23,2,John,Bubble Suns,5,Saxon,Zaddy Lonzo,4,
2022-23,2,Mitchell,Better Call Gasol.,2,Stefan,BOL BOLS BIG 🅱️ICK,7,
2022-23,2,Jerry,TERMINATOR,4,Liam,Tacko Tuuuuuesday,5,
2022-23,2,Michael,Big Big Chungus Big Chungus,5,Chivy,Coach Carter,4,
2022-23,2,Matt,The Reverso,6,Tom,WORLD TOMINATION,3,
2022-23,3,Josh,Silver Surfer,5,Mitchell,Better Call Gasol.,3,
2022-23,3,John,Bubble Suns,5,Matt,The Reverso,3,
2022-23,3,Stefan,BOL BOLS BIG 🅱️ICK,3,Michael,Big Big Chungus Big Chungus,6,
2022-23,3,Jack,Flint Tropics,3,Liam,Tacko Tuuuuuesday,5,
2022-23,3,Jerry,TERMINATOR,2,Saxon,Zaddy Lonzo,7,
2022-23,3,Chivy,Coach Carter,7,Tom,WORLD TOMINATION,2,
2022-23,4,Josh,Silver Surfer,5,Stefan,BOL BOLS BIG 🅱️ICK,4,
2022-23,4,John,Bubble Suns,2,Chivy,Coach Carter,7,
2022-23,4,Mitchell,Better Call Gasol.,6,Liam,Tacko Tuuuuuesday,3,
2022-23,4,Jack,Flint Tropics,1,Saxon,Zaddy Lonzo,8,
2022-23,4,Jerry,TERMINATOR,2,Matt,The Reverso,7,
2022-23,4,Michael,Big Big Chungus Big Chungus,4,Tom,WORLD TOMINATION,5,
2022-23,5,Josh,Silver Surfer,3,Liam,Tacko Tuuuuuesday,4,
2022-23,5,John,Bubble Suns,5,Michael,Big Big Chungus Big Chungus,4,
2022-23,5,Mitchell,Better Call Gasol.,1,Saxon,Zaddy Lonzo,8,
2022-23,5,Stefan,BOL BOLS BIG 🅱️ICK,5,Tom,WORLD TOMINATION,4,
2022-23,5,Jack,Flint Tropics,1,Matt,The Reverso,8,
2022-23,5,Jerry,TERMINATOR,2,Chivy,Coach Carter,7,
2022-23,6,Josh,Silver Surfer,4,Saxon,Zaddy Lonzo,5,
2022-23,6,John,Bubble Suns,4,Tom,WORLD TOMINATION,5,
2022-23,6,Mitchell,Better Call Gasol.,3,Matt,The Reverso,6,
2022-23,6,Stefan,BOL BOLS BIG 🅱️ICK,4,Liam,Tacko Tuuuuuesday,5,
2022-23,6,Jack,Flint Tropics,2,Chivy,Coach Carter,7,
2022-23,6,Jerry,TERMINATOR,4,Michael,Big Big Chungus Big Chungus,5,
2022-23,7,Josh,Silver Surfer,8,Matt,The Reverso,1,
2022-23,7,John,Bubble Suns,7,Stefan,BOL BOLS BIG 🅱️ICK,2,
2022-23,7,Mitchell,Better Call Gasol.,2,Chivy,Coach Carter,7,
2022-23,7,Jack,Flint Tropics,1,Michael,Big Big Chungus Big Chungus,7,
2022-23,7,Jerry,TERMINATOR,2,Tom,WORLD TOMINATION,7,
2022-23,7,Saxon,Zaddy Lonzo,8,Liam,Tacko Tuuuuuesday,1,
2022-23,8,Josh,Silver Surfer,5,Chivy,Coach Carter,4,
2022-23,8,John,Bubble Suns,6,Jerry,TERMINATOR,3,
2022-23,8,Mitchell,Better Call Gasol.,4,Michael,Big Big Chungus Big Chungus,5,
2022-23,8,Stefan,BOL BOLS BIG 🅱️ICK,1,Saxon,Zaddy Lonzo,8,
2022-23,8,Jack,Flint Tropics,2,Tom,WORLD TOMINATION,7,
2022-23,8,Liam,Tacko Tuuuuuesday,6,Matt,The Reverso,3,
2022-23,9,Josh,Silver Surfer,1,Michael,Big Big Chungus Big Chungus,8,
2022-23,9,John,Bubble Suns,5,Jack,Flint Tropics,4,
2022-23,9,Mitchell,Better Call Gasol.,2,Tom,WORLD TOMINATION,6,
2022-23,9,Stefan,BOL BOLS BIG 🅱️ICK,7,Jerry,TERMINATOR,2,
2022-23,9,Saxon,Zaddy Lonzo,4,Matt,The Reverso,5,
2022-23,9,Liam,Tacko Tuuuuuesday,5,Chivy,Coach Carter,3,
2022-23,10,Josh,Silver Surfer,7,Tom,WORLD TOMINATION,2,
2022-23,10,John,Bubble Suns,3,Mitchell,Better Call Gasol.,6,
2022-23,10,Stefan,BOL BOLS BIG 🅱️ICK,4,Matt,The Reverso,4,
2022-23,10,Jack,Flint Tropics,6,Jerry,TERMINATOR,3,
2022-23,10,Saxon,Zaddy Lonzo,3,Chivy,Coach Carter,6,
2022-23,10,Michael,Big Big Chungus Big Chungus,2,Liam,Tacko Tuuuuuesday,7,
2022-23,11,Josh,Silver Surfer,6,John,Bubble Suns,3,
2022-23,11,Mitchell,Better Call Gasol.,5,Jerry,TERMINATOR,3,
2022-23,11,Stefan,BOL BOLS BIG 🅱️ICK,5,Jack,Flint Tropics,4,
2022-23,11,Saxon,Zaddy Lonzo,4,Michael,Big Big Chungus Big Chungus,5,
2022-23,11,Liam,Tacko Tuuuuuesday,3,Tom,WORLD TOMINATION,6,
2022-23,11,Matt,The Reverso,7,Chivy,Coach Carter,2,
2022-23,12,Josh,Silver Surfer,6,Jerry,TERMINATOR,3,
2022-23,12,John,Bubble Suns,6,Liam,Tacko Tuuuuuesday,3,
2022-23,12,Mitchell,Better Call Gasol.,7,Jack,Flint Tropics,2,
2022-23,12,Stefan,BOL BOLS BIG 🅱️ICK,6,Chivy,Coach Carter,3,
2022-23,12,Saxon,Zaddy Lonzo,3,Tom,WORLD TOMINATION,6,
2022-23,12,Michael,Big Big Chungus Big Chungus,6,Matt,The Reverso,3,
2022-23,13,Josh,Silver Surfer,6,Jack,Flint Tropics,3,
2022-23,13,John,Bubble Suns,3,Saxon,Zaddy Lonzo,6,
2022-23,13,Mitchell,Better Call Gasol.,6,Stefan,BOL BOLS BIG 🅱️ICK,3,
2022-23,13,Jerry,TERMINATOR,1,Liam,Tacko Tuuuuuesday,7,
2022-23,13,Michael,Big Big Chungus Big Chungus,6,Chivy,Coach Carter,3,
2022-23,13,Matt,The Reverso,4,Tom,WORLD TOMINATION,5,
2022-23,14,Josh,Silver Surfer,7,Mitchell,Better Call Gasol.,2,
2022-23,14,John,Bubble Suns,5,Matt,The Reverso,4,
2022-23,14,Stefan,BOL BOLS BIG 🅱️ICK,4,Michael,Big Big Chungus Big Chungus,5,
2022-23,14,Jack,Flint Tropics,1,Liam,Tacko Tuuuuuesday,8,
2022-23,14,Jerry,TERMINATOR,2,Saxon,Zaddy Lonzo,7,
2022-23,14,Chivy,Coach Carter,6,Tom,WORLD TOMINATION,3,
2022-23,15,Josh,Silver Surfer,6,Stefan,BOL BOLS BIG 🅱️ICK,3,
2022-23,15,John,Bubble Suns,5,Chivy,Coach Carter,4,
2022-23,15,Mitchell,Better Call Gasol.,3,Liam,Tacko Tuuuuuesday,6,
2022-23,15,Jack,Flint Tropics,3,Saxon,Zaddy Lonzo,6,
2022-23,15,Jerry,TERMINATOR,2,Matt,The Reverso,7,
2022-23,15,Michael,Big Big Chungus Big Chungus,8,Tom,WORLD TOMINATION,1,
2022-23,16,Josh,Silver Surfer,7,Liam,Tacko Tuuuuuesday,2,
2022-23,16,John,Bubble Suns,7,Michael,Big Big Chungus Big Chungus,2,
2022-23,16,Mitchell,Better Call Gasol.,2,Saxon,Zaddy Lonzo,7,
2022-23,16,Stefan,BOL BOLS BIG 🅱️ICK,3,Tom,WORLD TOMINATION,6,
2022-23,16,Jack,Flint Tropics,4,Matt,The Reverso,4,
2022-23,16,Jerry,TERMINATOR,1,Chivy,Coach Carter,8,
2022-23,17,Josh,Silver Surfer,5,Saxon,Zaddy Lonzo,4,
2022-23,17,John,Bubble Suns,4,Tom,WORLD TOMINATION,5,
2022-23,17,Mitchell,Better Call Gasol.,4,Matt,The Reverso,5,
2022-23,17,Stefan,BOL BOLS BIG 🅱️ICK,2,Liam,Tacko Tuuuuuesday,7,
2022-23,17,Jack,Flint Tropics,1,Chivy,Coach Carter,8,
2022-23,17,Jerry,TERMINATOR,2,Michael,Big Big Chungus Big Chungus,7,
2022-23,18,Josh,Silver Surfer,6,Matt,The Reverso,3,
2022-23,18,John,Bubble Suns,8,Stefan,BOL BOLS BIG 🅱️ICK,1,
2022-23,18,Mitchell,Better Call Gasol.,3,Chivy,Coach Carter,6,
2022-23,18,Jack,Flint Tropics,2,Michael,Big Big Chungus Big Chungus,7,
2022-23,18,Jerry,TERMINATOR,3,Tom,WORLD TOMINATION,6,
2022-23,18,Saxon,Zaddy Lonzo,2,Liam,Tacko Tuuuuuesday,7,
2022-23,19,Josh,Silver Surfer,3,Chivy,Coach Carter,6,
2022-23,19,John,Bubble Suns,8,Jerry,TERMINATOR,1,
2022-23,19,Mitchell,Better Call Gasol.,3,Michael,Big Big Chungus Big Chungus,6,
2022-23,19,Stefan,BOL BOLS BIG 🅱️ICK,4,Saxon,Zaddy Lonzo,5,
2022-23,19,Jack,Flint Tropics,3,Tom,WORLD TOMINATION,6,
2022-23,19,Liam,Tacko Tuuuuuesday,6,Matt,The Reverso,2,
2022-23,20,Josh,Silver Surfer,6,Michael,Big Big Chungus Big Chungus,3,
2022-23,20,John,Bubble Suns,7,Jack,Flint Tropics,2,
2022-23,20,Mitchell,Better Call Gasol.,2,Tom,WORLD TOMINATION,7,
2022-23,20,Stefan,BOL BOLS BIG 🅱️ICK,6,Jerry,TERMINATOR,3,
2022-23,20,Saxon,Zaddy Lonzo,5,Matt,The Reverso,4,
2022-23,20,Liam,Tacko Tuuuuuesday,6,Chivy,Coach Carter,2,
2022-23,21,John,Bubble Suns,1,Saxon,Zaddy Lonzo,8,1
2022-23,21,Michael,Big Big Chungus Big Chungus,2,Tom,WORLD TOMINATION,7,1
2022-23,21,Mitchell,Better Call Gasol.,7,Jack,Flint Tropics,2,1
2022-23,21,Stefan,BOL BOLS BIG 🅱️ICK,6,Jerry,TERMINATOR,3,1
2022-23,22,Josh,Silver Surfer,5,Tom,WORLD TOMINATION,4,1
2022-23,22,Saxon,Zaddy Lonzo,4,Liam,Tacko Tuuuuuesday,5,1
2022-23,22,John,Bubble Suns,4,Michael,Big Big Chungus Big Chungus,5,1
2022-23,22,Mitchell,Better Call Gasol.,4,Chivy,Coach Carter,5,1
2022-23,22,Stefan,BOL BOLS BIG 🅱️ICK,4,Matt,The Reverso,5,1
2022-23,22,Jack,Flint Tropics,1,Jerry,TERMINATOR,8,1
2022-23,23,Josh,Silver Surfer,6,Liam,Tacko Tuuuuuesday,3,1
2022-23,23,Mitchell,Better Call Gasol.,7,Stefan,BOL BOLS BIG 🅱️ICK,2,1
2022-23,23,Saxon,Zaddy Lonzo,5,Tom,WORLD TOMINATION,4,1
2022-23,23,Matt,The Reverso,2,Chivy,Coach Carter,7,1
2023-24,1,Josh,Silver Surfer,5,Alan,Kd's burner account,4,
2023-24,1,John,Bubble Suns,3,Chivy,Coach Carter,6,
2023-24,1,Mitchell,Team Limbs,5,Liam,Tacko Tuuuuuesday,3,
2023-24,1,Michael,Big Big Chungus Big Chungus,7,Saxon,Zaddy Lonzo,2,
2023-24,1,Stefan,🅱️IG FACE COFFEE,5,Tom,WORLD TOMINATION,4,
2023-24,1,Matt,The Reverso,5,Jason,Taco's Team,4,
2023-24,2,Josh,Silver Surfer,5,Mitchell,Team Limbs,3,
2023-24,2,John,Bubble Suns,4,Jason,Taco's Team,4,
2023-24,2,Michael,Big Big Chungus Big Chungus,3,Chivy,Coach Carter,6,
2023-24,2,Stefan,🅱️IG FACE COFFEE,3,Liam,Tacko Tuuuuuesday,6,
2023-24,2,Matt,The Reverso,8,Alan,Kd's burner account,1,
2023-24,2,Tom,WORLD TOMINATION,3,Saxon,Zaddy Lonzo,6,
2023-24,3,Josh,Silver Surfer,7,Stefan,🅱️IG FACE COFFEE,2,
2023-24,3,John,Bubble Suns,5,Matt,The Reverso,4,
2023-24,3,Mitchell,Team Limbs,1,Alan,Kd's burner account,7,
2023-24,3,Michael,Big Big Chungus Big Chungus,5,Jason,Taco's Team,4,
2023-24,3,Chivy,Coach Carter,6,Tom,WORLD TOMINATION,3,
2023-24,3,Liam,Tacko Tuuuuuesday,6,Saxon,Zaddy Lonzo,2,
2023-24,4,Josh,Silver Surfer,8,Saxon,Zaddy Lonzo,1,
2023-24,4,John,Bubble Suns,4,Alan,Kd's burner account,5,
2023-24,4,Mitchell,Team Limbs,5,Stefan,🅱️IG FACE COFFEE,4,
2023-24,4,Michael,Big Big Chungus Big Chungus,2,Matt,The Reverso,7,
2023-24,4,Chivy,Coach Carter,8,Liam,Tacko Tuuuuuesday,1,
2023-24,4,Tom,WORLD TOMINATION,5,Jason,Taco's Team,4,
2023-24,5,Josh,Silver Surfer,4,Chivy,Coach Carter,5,
2023-24,5,John,Bubble Suns,5,Michael,Big Big Chungus Big Chungus,4,
2023-24,5,Mitchell,Team Limbs,4,Saxon,Zaddy Lonzo,5,
2023-24,5,Stefan,🅱️IG FACE COFFEE,7,Alan,Kd's burner account,2,
2023-24,5,Liam,Tacko Tuuuuuesday,6,Jason,Taco's Team,3,
2023-24,5,Matt,The Reverso,5,Tom,WORLD TOMINATION,4,
2023-24,6,Josh,Silver Surfer,6,Jason,Taco's Team,3,
2023-24,6,John,Bubble Suns,5,Tom,WORLD TOMINATION,4,
2023-24,6,Mitchell,Team Limbs,6,Chivy,Coach Carter,3,
2023-24,6,Michael,Big Big Chungus Big Chungus,4,Alan,Kd's burner account,5,
2023-24,6,Stefan,🅱️IG FACE COFFEE,3,Saxon,Zaddy Lonzo,6,
2023-24,6,Liam,Tacko Tuuuuuesday,6,Matt,The Reverso,2,
2023-24,7,Josh,Silver Surfer,6,Matt,The Reverso,3,
2023-24,7,John,Bubble Suns,7,Liam,Tacko Tuuuuuesday,2,
2023-24,7,Mitchell,Team Limbs,6,Jason,Taco's Team,3,
2023-24,7,Michael,Big Big Chungus Big Chungus,4,Tom,WORLD TOMINATION,5,
2023-24,7,Stefan,🅱️IG FACE COFFEE,3,Chivy,Coach Carter,6,
2023-24,7,Saxon,Zaddy Lonzo,6,Alan,Kd's burner account,3,
2023-24,8,Josh,Silver Surfer,6,John,Bubble Suns,3,
2023-24,8,Mitchell,Team Limbs,8,Matt,The Reverso,1,
2023-24,8,Michael,Big Big Chungus Big Chungus,4,Liam,Tacko Tuuuuuesday,4,
2023-24,8,Stefan,🅱️IG FACE COFFEE,4,Jason,Taco's Team,5,
2023-24,8,Chivy,Coach Carter,6,Saxon,Zaddy Lonzo,3,
2023-24,8,Tom,WORLD TOMINATION,5,Alan,Kd's burner account,4,
2023-24,9,Josh,Silver Surfer,5,Michael,Big Big Chungus Big Chungus,4,
2023-24,9,John,Bubble Suns,8,Mitchell,Team Limbs,1,
2023-24,9,Stefan,🅱️IG FACE COFFEE,5,Matt,The Reverso,4,
2023-24,9,Chivy,Coach Carter,5,Alan,Kd's burner account,4,
2023-24,9,Liam,Tacko Tuuuuuesday,6,Tom,WORLD TOMINATION,3,
2023-24,9,Saxon,Zaddy Lonzo,3,Jason,Taco's Team,5,
2023-24,10,Josh,Silver Surfer,5,Tom,WORLD TOMINATION,4,
2023-24,10,John,Bubble Suns,6,Stefan,🅱️IG FACE COFFEE,2,
2023-24,10,Mitchell,Team Limbs,3,Michael,Big Big Chungus Big Chungus,6,
2023-24,10,Chivy,Coach Carter,3,Jason,Taco's Team,5,
2023-24,10,Liam,Tacko Tuuuuuesday,5,Alan,Kd's burner account,4,
2023-24,10,Matt,The Reverso,3,Saxon,Zaddy Lonzo,6,
2023-24,11,Josh,Silver Surfer,2,Liam,Tacko Tuuuuuesday,6,
2023-24,11,John,Bubble Suns,3,Saxon,Zaddy Lonzo,6,
2023-24,11,Mitchell,Team Limbs,4,Tom,WORLD TOMINATION,5,
2023-24,11,Michael,Big Big Chungus Big Chungus,6,Stefan,🅱️IG FACE COFFEE,3,
2023-24,11,Chivy,Coach Carter,7,Matt,The Reverso,2,
2023-24,11,Jason,Taco's Team,3,Alan,Kd's burner account,6,
2023-24,12,Josh,Silver Surfer,2,Alan,Kd's burner account,7,
2023-24,12,John,Bubble Suns,6,Chivy,Coach Carter,2,
2023-24,12,Mitchell,Team Limbs,7,Liam,Tacko Tuuuuuesday,2,
2023-24,12,Michael,Big Big Chungus Big Chungus,5,Saxon,Zaddy Lonzo,4,
2023-24,12,Stefan,🅱️IG FACE COFFEE,4,Tom,WORLD TOMINATION,5,
2023-24,12,Matt,The Reverso,2,Jason,Taco's Team,7,
2023-24,13,Josh,Silver Surfer,5,Mitchell,Team Limbs,4,
2023-24,13,John,Bubble Suns,3,Jason,Taco's Team,6,
2023-24,13,Michael,Big Big Chungus Big Chungus,5,Chivy,Coach Carter,4,
2023-24,13,Stefan,🅱️IG FACE COFFEE,2,Liam,Tacko Tuuuuuesday,6,
2023-24,13,Matt,The Reverso,5,Alan,Kd's burner account,3,
2023-24,13,Tom,WORLD TOMINATION,5,Saxon,Zaddy Lonzo,4,
2023-24,14,Josh,Silver Surfer,3,Stefan,🅱️IG FACE COFFEE,6,
2023-24,14,John,Bubble Suns,6,Matt,The Reverso,3,
2023-24,14,Mitchell,Team Limbs,6,Alan,Kd's burner account,3,
2023-24,14,Michael,Big Big Chungus Big Chungus,5,Jason,Taco's Team,3,
2023-24,14,Chivy,Coach Carter,4,Tom,WORLD TOMINATION,5,
2023-24,14,Liam,Tacko Tuuuuuesday,5,Saxon,Zaddy Lonzo,4,
2023-24,15,Josh,Silver Surfer,7,Saxon,Zaddy Lonzo,2,
2023-24,15,John,Bubble Suns,6,Alan,Kd's burner account,3,
2023-24,15,Mitchell,Team Limbs,4,Stefan,🅱️IG FACE COFFEE,5,
2023-24,15,Michael,Big Big Chungus Big Chungus,8,Matt,The Reverso,1,
2023-24,15,Chivy,Coach Carter,5,Liam,Tacko Tuuuuuesday,3,
2023-24,15,Tom,WORLD TOMINATION,3,Jason,Taco's Team,6,
2023-24,16,Josh,Silver Surfer,5,Chivy,Coach Carter,3,
2023-24,16,John,Bubble Suns,2,Michael,Big Big Chungus Big Chungus,7,
2023-24,16,Mitchell,Team Limbs,1,Saxon,Zaddy Lonzo,8,
2023-24,16,Stefan,🅱️IG FACE COFFEE,6,Alan,Kd's burner account,3,
2023-24,16,Liam,Tacko Tuuuuuesday,5,Jason,Taco's Team,4,
2023-24,16,Matt,The Reverso,3,Tom,WORLD TOMINATION,6,
2023-24,17,Josh,Silver Surfer,6,Jason,Taco's Team,3,
2023-24,17,John,Bubble Suns,4,Tom,WORLD TOMINATION,5,
2023-24,17,Mitchell,Team Limbs,4,Chivy,Coach Carter,5,
2023-24,17,Michael,Big Big Chungus Big Chungus,5,Alan,Kd's burner account,4,
2023-24,17,Stefan,🅱️IG FACE COFFEE,6,Saxon,Zaddy Lonzo,3,
2023-24,17,Liam,Tacko Tuuuuuesday,5,Matt,The Reverso,4,
2023-24,18,Josh,Silver Surfer,8,Matt,The Reverso,1,
2023-24,18,John,Bubble Suns,4,Liam,Tacko Tuuuuuesday,5,
2023-24,18,Mitchell,Team Limbs,4,Jason,Taco's Team,5,
2023-24,18,Michael,Big Big Chungus Big Chungus,4,Tom,WORLD TOMINATION,5,
2023-24,18,Stefan,🅱️IG FACE COFFEE,3,Chivy,Coach Carter,6,
2023-24,18,Saxon,Zaddy Lonzo,7,Alan,Kd's burner account,2,
2023-24,19,Josh,Silver Surfer,5,John,Bubble Suns,4,
2023-24,19,Mitchell,Team Limbs,3,Matt,The Reverso,6,
2023-24,19,Michael,Big Big Chungus Big Chungus,4,Liam,Tacko Tuuuuuesday,5,
2023-24,19,Stefan,🅱️IG FACE COFFEE,6,Jason,Taco's Team,3,
2023-24,19,Chivy,Coach Carter,6,Saxon,Zaddy Lonzo,3,
2023-24,19,Tom,WORLD TOMINATION,5,Alan,Kd's burner account,4,
2023-24,20,John,Bubble Suns,4,Chivy,Coach Carter,5,1
2023-24,20,Michael,Big Big Chungus Big Chungus,4,Tom,WORLD TOMINATION,5,1
2023-24,20,Mitchell,Team Limbs,5,Matt,The Reverso,4,1
2023-24,20,Jason,Taco's Team,4,Alan,Kd's burner account,5,1
2023-24,21,Josh,Silver Surfer,5,Tom,WORLD TOMINATION,4,1
2023-24,21,Chivy,Coach Carter,5,Liam,Tacko Tuuuuuesday,4,1
2023-24,21,John,Bubble Suns,7,Michael,Big Big Chungus Big Chungus,2,1
2023-24,21,Mitchell,Team Limbs,3,Stefan,🅱️IG FACE COFFEE,6,1
2023-24,21,Matt,The Reverso,4,Jason,Taco's Team,5,1
2023-24,21,Saxon,Zaddy Lonzo,5,Alan,Kd's burner account,3,1
2023-24,22,Josh,Silver Surfer,4,Chivy,Coach Carter,5,1
2023-24,22,Mitchell,Team Limbs,5,Alan,Kd's burner account,4,1
2023-24,22,Stefan,🅱️IG FACE COFFEE,5,Saxon,Zaddy Lonzo,4,1
2023-24,22,Liam,Tacko Tuuuuuesday,3,Tom,WORLD TOMINATION,6,1
2024-25,1,Josh,Silver Surfer,4,Michael,Big Big Chungus Big Chungus,5,
2024-25,1,John,Bubble Suns,2,Liam,Tacko Tuuuuuesday,7,
2024-25,1,Chivy,Coach Carter,4,Tom,WORLD TOMINATION,5,
2024-25,1,Alan,Kd's burner account,3,Jason,Taco's Team,6,
2024-25,1,Adel,Team skiddies,1,Matt,The Reverso,8,
2024-25,1,Saxon,Zaddy Lonzo,2,Stefan,🅱️IG FACE COFFEE,7,
2024-25,2,Josh,Silver Surfer,7,Adel,Team skiddies,2,
2024-25,2,John,Bubble Suns,5,Tom,WORLD TOMINATION,4,
2024-25,2,Michael,Big Big Chungus Big Chungus,3,Stefan,🅱️IG FACE COFFEE,5,
2024-25,2,Chivy,Coach Carter,6,Jason,Taco's Team,3,
2024-25,2,Alan,Kd's burner account,3,Saxon,Zaddy Lonzo,6,
2024-25,2,Liam,Tacko Tuuuuuesday,4,Matt,The Reverso,5,
2024-25,3,Josh,Silver Surfer,6,Saxon,Zaddy Lonzo,3,
2024-25,3,John,Bubble Suns,6,Matt,The Reverso,2,
2024-25,3,Michael,Big Big Chungus Big Chungus,4,Tom,WORLD TOMINATION,5,
2024-25,3,Chivy,Coach Carter,5,Adel,Team skiddies,4,
2024-25,3,Alan,Kd's burner account,6,Stefan,🅱️IG FACE COFFEE,3,
2024-25,3,Liam,Tacko Tuuuuuesday,5,Jason,Taco's Team,4,
2024-25,4,Josh,Silver Surfer,6,Alan,Kd's burner account,3,
2024-25,4,John,Bubble Suns,7,Jason,Taco's Team,2,
2024-25,4,Michael,Big Big Chungus Big Chungus,6,Matt,The Reverso,3,
2024-25,4,Chivy,Coach Carter,7,Saxon,Zaddy Lonzo,2,
2024-25,4,Liam,Tacko Tuuuuuesday,9,Adel,Team skiddies,0,
2024-25,4,Tom,WORLD TOMINATION,5,Stefan,🅱️IG FACE COFFEE,4,
2024-25,5,Josh,Silver Surfer,2,Stefan,🅱️IG FACE COFFEE,7,
2024-25,5,John,Bubble Suns,7,Adel,Team skiddies,2,
2024-25,5,Michael,Big Big Chungus Big Chungus,7,Jason,Taco's Team,2,
2024-25,5,Chivy,Coach Carter,8,Alan,Kd's burner account,1,
2024-25,5,Liam,Tacko Tuuuuuesday,4,Saxon,Zaddy Lonzo,4,
2024-25,5,Matt,The Reverso,3,Tom,WORLD TOMINATION,6,
2024-25,6,Josh,Silver Surfer,3,Chivy,Coach Carter,6,
2024-25,6,John,Bubble Suns,4,Saxon,Zaddy Lonzo,4,
2024-25,6,Michael,Big Big Chungus Big Chungus,8,Adel,Team skiddies,1,
2024-25,6,Alan,Kd's burner account,4,Liam,Tacko Tuuuuuesday,5,
2024-25,6,Jason,Taco's Team,5,Tom,WORLD TOMINATION,4,
2024-25,6,Matt,The Reverso,3,Stefan,🅱️IG FACE COFFEE,6,
2024-25,7,Josh,Silver Surfer,2,Liam,Tacko Tuuuuuesday,7,
2024-25,7,John,Bubble Suns,6,Alan,Kd's burner account,3,
2024-25,7,Michael,Big Big Chungus Big Chungus,1,Saxon,Zaddy Lonzo,8,
2024-25,7,Chivy,Coach Carter,6,Stefan,🅱️IG FACE COFFEE,3,
2024-25,7,Jason,Taco's Team,5,Matt,The Reverso,4,
2024-25,7,Adel,Team skiddies,4,Tom,WORLD TOMINATION,5,
2024-25,8,Josh,Silver Surfer,3,John,Bubble Suns,5,
2024-25,8,Michael,Big Big Chungus Big Chungus,3,Alan,Kd's burner account,6,
2024-25,8,Chivy,Coach Carter,9,Liam,Tacko Tuuuuuesday,0,
2024-25,8,Jason,Taco's Team,6,Stefan,🅱️IG FACE COFFEE,2,
2024-25,8,Adel,Team skiddies,6,Matt,The Reverso,3,
2024-25,8,Tom,WORLD TOMINATION,4,Saxon,Zaddy Lonzo,5,
2024-25,9,Josh,Silver Surfer,3,Michael,Big Big Chungus Big Chungus,5,
2024-25,9,John,Bubble Suns,9,Chivy,Coach Carter,0,
2024-25,9,Alan,Kd's burner account,4,Tom,WORLD TOMINATION,5,
2024-25,9,Liam,Tacko Tuuuuuesday,5,Stefan,🅱️IG FACE COFFEE,4,
2024-25,9,Jason,Taco's Team,7,Adel,Team skiddies,2,
2024-25,9,Matt,The Reverso,3,Saxon,Zaddy Lonzo,6,
2024-25,10,Josh,Silver Surfer,4,Tom,WORLD TOMINATION,5,
2024-25,10,John,Bubble Suns,3,Liam,Tacko Tuuuuuesday,6,
2024-25,10,Michael,Big Big Chungus Big Chungus,5,Chivy,Coach Carter,4,
2024-25,10,Alan,Kd's burner account,4,Matt,The Reverso,5,
2024-25,10,Jason,Taco's Team,8,Saxon,Zaddy Lonzo,0,
2024-25,10,Adel,Team skiddies,2,Stefan,🅱️IG FACE COFFEE,6,
2024-25,11,Josh,Silver Surfer,2,Matt,The Reverso,7,
2024-25,11,John,Bubble Suns,4,Stefan,🅱️IG FACE COFFEE,5,
2024-25,11,Michael,Big Big Chungus Big Chungus,4,Liam,Tacko Tuuuuuesday,5,
2024-25,11,Chivy,Coach Carter,4,Tom,WORLD TOMINATION,5,
2024-25,11,Alan,Kd's burner account,1,Jason,Taco's Team,8,
2024-25,11,Adel,Team skiddies,3,Saxon,Zaddy Lonzo,6,
2024-25,12,Josh,Silver Surfer,5,Jason,Taco's Team,4,
2024-25,12,John,Bubble Suns,6,Michael,Big Big Chungus Big Chungus,3,
2024-25,12,Chivy,Coach Carter,8,Matt,The Reverso,1,
2024-25,12,Alan,Kd's burner account,6,Adel,Team skiddies,3,
2024-25,12,Liam,Tacko Tuuuuuesday,4,Tom,WORLD TOMINATION,5,
2024-25,12,Saxon,Zaddy Lonzo,2,Stefan,🅱️IG FACE COFFEE,7,
2024-25,13,Josh,Silver Surfer,7,Adel,Team skiddies,1,
2024-25,13,John,Bubble Suns,4,Tom,WORLD TOMINATION,5,
2024-25,13,Michael,Big Big Chungus Big Chungus,4,Stefan,🅱️IG FACE COFFEE,5,
2024-25,13,Chivy,Coach Carter,5,Jason,Taco's Team,4,
2024-25,13,Alan,Kd's burner account,3,Saxon,Zaddy Lonzo,6,
2024-25,13,Liam,Tacko Tuuuuuesday,5,Matt,The Reverso,4,
2024-25,14,Josh,Silver Surfer,6,Saxon,Zaddy Lonzo,3,
2024-25,14,John,Bubble Suns,5,Matt,The Reverso,3,
2024-25,14,Michael,Big Big Chungus Big Chungus,4,Tom,WORLD TOMINATION,5,
2024-25,14,Chivy,Coach Carter,3,Adel,Team skiddies,5,
2024-25,14,Alan,Kd's burner account,3,Stefan,🅱️IG FACE COFFEE,6,
2024-25,14,Liam,Tacko Tuuuuuesday,4,Jason,Taco's Team,4,
2024-25,15,Josh,Silver Surfer,6,Alan,Kd's burner account,3,
2024-25,15,John,Bubble Suns,3,Jason,Taco's Team,6,
2024-25,15,Michael,Big Big Chungus Big Chungus,5,Matt,The Reverso,4,
2024-25,15,Chivy,Coach Carter,6,Saxon,Zaddy Lonzo,3,
2024-25,15,Liam,Tacko Tuuuuuesday,5,Adel,Team skiddies,4,
2024-25,15,Tom,WORLD TOMINATION,5,Stefan,🅱️IG FACE COFFEE,4,
2024-25,16,Josh,Silver Surfer,3,Stefan,🅱️IG FACE COFFEE,6,
2024-25,16,John,Bubble Suns,7,Adel,Team skiddies,1,
2024-25,16,Michael,Big Big Chungus Big Chungus,5,Jason,Taco's Team,4,
2024-25,16,Chivy,Coach Carter,3,Alan,Kd's burner account,6,
2024-25,16,Liam,Tacko Tuuuuuesday,8,Saxon,Zaddy Lonzo,1,
2024-25,16,Matt,The Reverso,4,Tom,WORLD TOMINATION,5,
2024-25,17,Josh,Silver Surfer,6,Chivy,Coach Carter,3,
2024-25,17,John,Bubble Suns,6,Saxon,Zaddy Lonzo,3,
2024-25,17,Michael,Big Big Chungus Big Chungus,3,Adel,Team skiddies,6,
2024-25,17,Alan,Kd's burner account,2,Liam,Tacko Tuuuuuesday,7,
2024-25,17,Jason,Taco's Team,5,Tom,WORLD TOMINATION,4,
2024-25,17,Matt,The Reverso,1,Stefan,🅱️IG FACE COFFEE,8,
2024-25,18,Josh,Silver Surfer,1,Liam,Tacko Tuuuuuesday,8,
2024-25,18,John,Bubble Suns,5,Alan,Kd's burner account,4,
2024-25,18,Michael,Big Big Chungus Big Chungus,4,Saxon,Zaddy Lonzo,5,
2024-25,18,Chivy,Coach Carter,2,Stefan,🅱️IG FACE COFFEE,6,
2024-25,18,Jason,Taco's Team,6,Matt,The Reverso,3,
2024-25,18,Adel,Team skiddies,4,Tom,WORLD TOMINATION,5,
2024-25,19,John,Bubble Suns,4,Chivy,Coach Carter,5,1
2024-25,19,Jason,Taco's Team,6,Stefan,🅱️IG FACE COFFEE,3,1
2024-25,19,Michael,Big Big Chungus Big Chungus,4,Adel,Team skiddies,4,1
2024-25,19,Alan,Kd's burner account,4,Matt,The Reverso,4,1
2024-25,20,Chivy,Coach Carter,5,Tom,WORLD TOMINATION,4,1
2024-25,20,Liam,Tacko Tuuuuuesday,7,Jason,Taco's Team,2,1
2024-25,20,Josh,Silver Surfer,7,Michael,Big Big Chungus Big Chungus,2,1
2024-25,20,John,Bubble Suns,6,Stefan,🅱️IG FACE COFFEE,3,1
2024-25,20,Alan,Kd's burner account,5,Saxon,Zaddy Lonzo,3,1
2024-25,20,Adel,Team skiddies,3,Matt,The Reverso,6,1
2024-25,21,Chivy,Coach Carter,4,Liam,Tacko Tuuuuuesday,4,1
2024-25,21,Josh,Silver Surfer,9,Alan,Kd's burner account,0,1
2024-25,21,Michael,Big Big Chungus Big Chungus,2,Saxon,Zaddy Lonzo,7,1
2024-25,21,Jason,Taco's Team,3,Tom,WORLD TOMINATION,6,1
2025-26,1,Josh,Silver Surfer,5,John,Bubble Suns,4,
2025-26,1,Michael,Big Big Chungus Big Chungus,1,Jason,Taco's Team,8,
2025-26,1,Chivy,Coach Carter,5,Alan,Kd's burner account,4,
2025-26,1,Liam,Tacko Tuuuuuesday,3,Matt,The Reverso,6,
2025-26,1,Hugh,Big Honey,5,Stefan,🅱️IG FACE COFFEE,4,
2025-26,1,Tom,WORLD TOMINATION,5,Saxon,Zaddy Lonzo,4,
2025-26,3,Josh,Silver Surfer,3,Stefan,🅱️IG FACE COFFEE,6,
2025-26,3,John,Bubble Suns,7,Chivy,Coach Carter,2,
2025-26,3,Michael,Big Big Chungus Big Chungus,8,Matt,The Reverso,1,
2025-26,3,Alan,Kd's burner account,4,Tom,WORLD TOMINATION,5,
2025-26,3,Liam,Tacko Tuuuuuesday,6,Hugh,Big Honey,3,
2025-26,3,Jason,Taco's Team,7,Saxon,Zaddy Lonzo,2,
2025-26,4,Josh,Silver Surfer,4,Liam,Tacko Tuuuuuesday,5,
2025-26,4,John,Bubble Suns,4,Alan,Kd's burner account,5,
2025-26,4,Michael,Big Big Chungus Big Chungus,3,Hugh,Big Honey,6,
2025-26,4,Chivy,Coach Carter,2,Stefan,🅱️IG FACE COFFEE,7,
2025-26,4,Jason,Taco's Team,7,Tom,WORLD TOMINATION,2,
2025-26,4,Matt,The Reverso,5,Saxon,Zaddy Lonzo,4,
2025-26,5,Josh,Silver Surfer,5,Michael,Big Big Chungus Big Chungus,4,
2025-26,5,John,Bubble Suns,2,Stefan,🅱️IG FACE COFFEE,6,
2025-26,5,Chivy,Coach Carter,3,Liam,Tacko Tuuuuuesday,6,
2025-26,5,Alan,Kd's burner account,4,Jason,Taco's Team,5,
2025-26,5,Hugh,Big Honey,8,Saxon,Zaddy Lonzo,1,
2025-26,5,Matt,The Reverso,4,Tom,WORLD TOMINATION,5,
2025-26,6,Josh,Silver Surfer,8,Saxon,Zaddy Lonzo,1,
2025-26,6,John,Bubble Suns,6,Liam,Tacko Tuuuuuesday,3,
2025-26,6,Michael,Big Big Chungus Big Chungus,6,Chivy,Coach Carter,3,
2025-26,6,Alan,Kd's burner account,6,Stefan,🅱️IG FACE COFFEE,3,
2025-26,6,Jason,Taco's Team,5,Matt,The Reverso,4,
2025-26,6,Hugh,Big Honey,6,Tom,WORLD TOMINATION,3,
2025-26,7,Josh,Silver Surfer,5,Tom,WORLD TOMINATION,4,
2025-26,7,John,Bubble Suns,6,Michael,Big Big Chungus Big Chungus,3,
2025-26,7,Chivy,Coach Carter,7,Saxon,Zaddy Lonzo,2,
2025-26,7,Alan,Kd's burner account,5,Matt,The Reverso,4,
2025-26,7,Liam,Tacko Tuuuuuesday,2,Stefan,🅱️IG FACE COFFEE,7,
2025-26,7,Jason,Taco's Team,7,Hugh,Big Honey,1,
2025-26,8,Josh,Silver Surfer,3,Jason,Taco's Team,6,
2025-26,8,John,Bubble Suns,7,Saxon,Zaddy Lonzo,2,
2025-26,8,Michael,Big Big Chungus Big Chungus,7,Stefan,🅱️IG FACE COFFEE,2,
2025-26,8,Chivy,Coach Carter,4,Tom,WORLD TOMINATION,5,
2025-26,8,Alan,Kd's burner account,7,Liam,Tacko Tuuuuuesday,2,
2025-26,8,Hugh,Big Honey,7,Matt,The Reverso,2,
2025-26,9,Josh,Silver Surfer,6,Matt,The Reverso,3,
2025-26,9,John,Bubble Suns,7,Tom,WORLD TOMINATION,2,
2025-26,9,Michael,Big Big Chungus Big Chungus,3,Liam,Tacko Tuuuuuesday,6,
2025-26,9,Chivy,Coach Carter,4,Jason,Taco's Team,5,
2025-26,9,Alan,Kd's burner account,5,Hugh,Big Honey,4,
2025-26,9,Saxon,Zaddy Lonzo,3,Stefan,🅱️IG FACE COFFEE,6,
2025-26,10,Josh,Silver Surfer,7,Hugh,Big Honey,2,
2025-26,10,John,Bubble Suns,5,Jason,Taco's Team,4,
2025-26,10,Michael,Big Big Chungus Big Chungus,5,Alan,Kd's burner account,4,
2025-26,10,Chivy,Coach Carter,2,Matt,The Reverso,6,
2025-26,10,Liam,Tacko Tuuuuuesday,6,Saxon,Zaddy Lonzo,3,
2025-26,10,Tom,WORLD TOMINATION,3,Stefan,🅱️IG FACE COFFEE,6,
2025-26,11,Josh,Silver Surfer,7,Alan,Kd's burner account,2,
2025-26,11,John,Bubble Suns,7,Matt,The Reverso,2,
2025-26,11,Michael,Big Big Chungus Big Chungus,6,Saxon,Zaddy Lonzo,2,
2025-26,11,Chivy,Coach Carter,2,Hugh,Big Honey,7,
2025-26,11,Liam,Tacko Tuuuuuesday,5,Tom,WORLD TOMINATION,4,
2025-26,11,Jason,Taco's Team,2,Stefan,🅱️IG FACE COFFEE,7,
2025-26,12,Josh,Silver Surfer,6,Chivy,Coach Carter,3,
2025-26,12,John,Bubble Suns,6,Hugh,Big Honey,3,
2025-26,12,Michael,Big Big Chungus Big Chungus,4,Tom,WORLD TOMINATION,5,
2025-26,12,Alan,Kd's burner account,6,Saxon,Zaddy Lonzo,3,
2025-26,12,Liam,Tacko Tuuuuuesday,3,Jason,Taco's Team,6,
2025-26,12,Matt,The Reverso,4,Stefan,🅱️IG FACE COFFEE,5,
2025-26,13,Josh,Silver Surfer,6,John,Bubble Suns,3,
2025-26,13,Michael,Big Big Chungus Big Chungus,5,Jason,Taco's Team,3,
2025-26,13,Chivy,Coach Carter,3,Alan,Kd's burner account,6,
2025-26,13,Liam,Tacko Tuuuuuesday,5,Matt,The Reverso,4,
2025-26,13,Hugh,Big Honey,3,Stefan,🅱️IG FACE COFFEE,6,
2025-26,13,Tom,WORLD TOMINATION,3,Saxon,Zaddy Lonzo,6,
2025-26,14,Josh,Silver Surfer,7,Stefan,🅱️IG FACE COFFEE,2,
2025-26,14,John,Bubble Suns,4,Chivy,Coach Carter,5,
2025-26,14,Michael,Big Big Chungus Big Chungus,5,Matt,The Reverso,4,
2025-26,14,Alan,Kd's burner account,4,Tom,WORLD TOMINATION,5,
2025-26,14,Liam,Tacko Tuuuuuesday,4,Hugh,Big Honey,5,
2025-26,14,Jason,Taco's Team,6,Saxon,Zaddy Lonzo,3,
2025-26,15,Josh,Silver Surfer,6,Liam,Tacko Tuuuuuesday,3,
2025-26,15,John,Bubble Suns,8,Alan,Kd's burner account,1,
2025-26,15,Michael,Big Big Chungus Big Chungus,5,Hugh,Big Honey,4,
2025-26,15,Chivy,Coach Carter,2,Stefan,🅱️IG FACE COFFEE,7,
2025-26,15,Jason,Taco's Team,6,Tom,WORLD TOMINATION,3,
2025-26,15,Matt,The Reverso,3,Saxon,Zaddy Lonzo,6,
2025-26,16,Josh,Silver Surfer,7,Michael,Big Big Chungus Big Chungus,2,
2025-26,16,John,Bubble Suns,5,Stefan,🅱️IG FACE COFFEE,4,
2025-26,16,Chivy,Coach Carter,6,Liam,Tacko Tuuuuuesday,3,
2025-26,16,Alan,Kd's burner account,4,Jason,Taco's Team,5,
2025-26,16,Hugh,Big Honey,4,Saxon,Zaddy Lonzo,5,
2025-26,16,Matt,The Reverso,4,Tom,WORLD TOMINATION,5,
2025-26,17,Josh,Silver Surfer,7,Saxon,Zaddy Lonzo,2,
2025-26,17,John,Bubble Suns,8,Liam,Tacko Tuuuuuesday,1,
2025-26,17,Michael,Big Big Chungus Big Chungus,6,Chivy,Coach Carter,3,
2025-26,17,Alan,Kd's burner account,3,Stefan,🅱️IG FACE COFFEE,6,
2025-26,17,Jason,Taco's Team,8,Matt,The Reverso,1,
2025-26,17,Hugh,Big Honey,5,Tom,WORLD TOMINATION,4,
2025-26,18,Josh,Silver Surfer,3,Tom,WORLD TOMINATION,6,
2025-26,18,John,Bubble Suns,5,Michael,Big Big Chungus Big Chungus,4,
2025-26,18,Chivy,Coach Carter,2,Saxon,Zaddy Lonzo,7,
2025-26,18,Alan,Kd's burner account,4,Matt,The Reverso,5,
2025-26,18,Liam,Tacko Tuuuuuesday,5,Stefan,🅱️IG FACE COFFEE,4,
2025-26,18,Jason,Taco's Team,8,Hugh,Big Honey,1,
2025-26,19,Josh,Silver Surfer,7,Jason,Taco's Team,2,
2025-26,19,John,Bubble Suns,7,Saxon,Zaddy Lonzo,2,
2025-26,19,Michael,Big Big Chungus Big Chungus,7,Stefan,🅱️IG FACE COFFEE,2,
2025-26,19,Chivy,Coach Carter,4,Tom,WORLD TOMINATION,5,
2025-26,19,Alan,Kd's burner account,4,Liam,Tacko Tuuuuuesday,5,
2025-26,19,Hugh,Big Honey,2,Matt,The Reverso,6,
2025-26,20,John,Bubble Suns,5,Tom,WORLD TOMINATION,4,1
2025-26,20,Michael,Big Big Chungus Big Chungus,5,Stefan,🅱️IG FACE COFFEE,4,1
2025-26,20,Chivy,Coach Carter,1,Alan,Kd's burner account,7,1
2025-26,20,Matt,The Reverso,8,Saxon,Zaddy Lonzo,1,1
2025-26,21,Josh,Silver Surfer,7,Michael,Big Big Chungus Big Chungus,2,1
2025-26,21,John,Bubble Suns,2,Jason,Taco's Team,7,1
2025-26,21,Chivy,Coach Carter,6,Saxon,Zaddy Lonzo,3,1
2025-26,21,Alan,Kd's burner account,5,Hugh,Big Honey,4,1
2025-26,21,Liam,Tacko Tuuuuuesday,4,Matt,The Reverso,5,1
2025-26,21,Tom,WORLD TOMINATION,3,Stefan,🅱️IG FACE COFFEE,5,1
2025-26,22,Josh,Silver Surfer,5,Jason,Taco's Team,3,1
2025-26,22,John,Bubble Suns,3,Michael,Big Big Chungus Big Chungus,6,1
2025-26,22,Alan,Kd's burner account,4,Matt,The Reverso,5,1
2025-26,22,Liam,Tacko Tuuuuuesday,6,Hugh,Big Honey,3,1
